comment_id,video_id,parent_id,text,predicted_discourse_act,gold_label,off_topic_flag,annotation_notes
UgzamVd5onNaxLKHlVN4AaABAg,qis44fqpuAU,TOP_LEVEL,"Karena banyak perdebatan pendapat, bawa setumpuk pertanyaan terus balik ke zaman Rasulullah dan klarifikasi..
Dan maju ke masa depan utk lihat berita apa aja dan balik masa hidup buat ngasih peringatan.. ????",Opinion,Opinion,NO,A1=Opinion; A2=Question. Adjudicated as Opinion based on the dominant communicative function.
UgwhPzLUVb4n1NmmavR4AaABAg,QK01ROEqJ1A,TOP_LEVEL,"Maha besar Allah ,, makanya jd manusia jgn ada yg sombong ye.. Wkwkwkwkwk...",Opinion,Opinion,NO,A1=Opinion; A2=Suggestion. Adjudicated as Opinion based on the dominant communicative function.
UgzGtLpQqxi2gv3rvZZ4AaABAg,FjFsx6iQE3Y,TOP_LEVEL,Vidieonya menambah pengetahuan,Opinion,Praise,NO,
Ugx9ccFkzFsBiNzrsvV4AaABAg.8e7JfDKRT688e7niyAJqOh,21seK8tKSYI,Ugx9ccFkzFsBiNzrsvV4AaABAg,pls bilang ada orang yang ngerti comment gua.,Opinion,Opinion,NO,
UgxHrb4mQojEq7s9DWh4AaABAg,T9ttUfGG7EE,TOP_LEVEL,Bruh bumi aja belom kejelajah semua,Opinion,Opinion,NO,
UgyIKpxQHFZ1TACEREx4AaABAg.8jTpgdwdV0d8jTysYj7ZwJ,qis44fqpuAU,UgyIKpxQHFZ1TACEREx4AaABAg,"Kalo perbaiki masalah kamu,pasti kamu tidak akan bisa mempelajari kesalahan tersebut.ya kalau itu tujuan mu ok lah :)",Opinion,Opinion,NO,A1=Opinion; A2=Disagreement. Adjudicated as Opinion based on the dominant communicative function.
Ugj-b8D5nCMutXgCoAEC.8KFGewR6u748WwTkTj_dee,NVDIHTGVcLc,Ugj-b8D5nCMutXgCoAEC,Slamet Awaluddin pake pintu kemana saja,Opinion,Suggestion,NO,A1=Suggestion; A2=Opinion. Adjudicated as Suggestion based on the dominant communicative function.
UgzeKdq_qIl7J3BkWu94AaABAg.9P42YqiNOmt9PeLRXbHnyz,H_5TPzquRyo,UgzeKdq_qIl7J3BkWu94AaABAg,"@kynnnnniiiii Saya tidak mau debat lagi .. terserah anda mau dari keturunan kera ka..ikan ka..,saya cukup beramal -mati- masuk surga ...",Opinion,Disagreement,NO,
UggMkFyEHU3WuHgCoAEC,NVDIHTGVcLc,TOP_LEVEL,Min bagaimna terbentuknya hilal,Opinion,Question,NO,A1=Question; A2=Opinion. Adjudicated as Question based on the dominant communicative function.
UgxO-kPKZRQ61lRYP4d4AaABAg.9UpN2zi2bk19V7_4ulNlGJ,21seK8tKSYI,UgxO-kPKZRQ61lRYP4d4AaABAg,Fe itu artinya flat earthers artinya orang-orang yang mempercayai bumi itu datar,Opinion,Opinion,NO,A1=Opinion; A2=Correction. Adjudicated as Opinion based on the dominant communicative function.
Ugivi-n4aGyEcngCoAEC.8KCkLKWqY2r8zZuwprz6Ke,NVDIHTGVcLc,Ugivi-n4aGyEcngCoAEC,Buang aja sampahnya ke kawah gunung merapi yang ada lavanya,Opinion,Suggestion,NO,A1=Suggestion; A2=Opinion. Adjudicated as Suggestion based on the dominant communicative function.
UgwKO_ZFXEZ0bmWNiPJ4AaABAg.9J_VNXFPaxI9JbVRl9GnPA,T8g_hUpx9VU,UgwKO_ZFXEZ0bmWNiPJ4AaABAg,"Benda terdingin, sebelum terjadinya bigbang/sebelum big bang tercipta selama 1 hari??",Opinion,Question,NO,
Ugytx9vAuJSUk1iXMcB4AaABAg,dghOCZmSEUQ,TOP_LEVEL,Biar Flatter pada mikir....,Opinion,Opinion,NO,
UggwzdFegZwjbngCoAEC.8MmAkyDZwbD9KZcvUJrOBc,uA3cMFjqfaM,UggwzdFegZwjbngCoAEC,Hey mahluk mars,Opinion,Opinion,NO,
UggjJhkucSX_6HgCoAEC.8ThQ-EF4zpC8ZAKmGy087d,iyJeozHhvJI,UggjJhkucSX_6HgCoAEC,Nama nya aja channel science pasti panutan nya teori evolusi.... science ama agama gak bisa di gabungin .... belum nyampe kek nya,Opinion,Disagreement,NO,A1=Disagreement; A2=Opinion. Adjudicated as Disagreement based on the dominant communicative function.
Ugygt0El2XgpIn4B15N4AaABAg,YljSXjd4lnk,TOP_LEVEL,Berterima.kasihlah pada  almarhum bapak bj habibie,Opinion,Praise,NO,A1=Praise; A2=Opinion. Adjudicated as Praise based on the dominant communicative function.
Ugw75bD1yeJ4vU2iCNB4AaABAg.9q6sJWeCsgkA5hfEj_s9hw,QK01ROEqJ1A,Ugw75bD1yeJ4vU2iCNB4AaABAg,@zakariaandra5535 loe juga dgn bilang masih langit pertama juga sotoy,Opinion,Disagreement,NO,A1=Disagreement; A2=Opinion. Adjudicated as Disagreement based on the dominant communicative function.
UgxigX3en70sKJ8Ikax4AaABAg.9K5N0xos7ar9KNCzSQewEV,QK01ROEqJ1A,UgxigX3en70sKJ8Ikax4AaABAg,Itu semua dimulai dari BigBang atau alam semesta awal dari semuanya,Opinion,Opinion,NO,
Ugz_7Mc4QjLO_-uSZLB4AaABAg.8zZ7FxW_MxR8z_I_JYgoPp,QK01ROEqJ1A,Ugz_7Mc4QjLO_-uSZLB4AaABAg,"???????? ????????? ?????????? ?????? ????????? ????? ?????? ???? ????????? ??????????

Terjemah Arti: Dan sesungguhnya Kami telah menciptakan di atas kamu tujuh buah jalan (tujuh buah langit); dan Kami tidaklah lengah terhadap ciptaan (Kami). (Q.S. Al-Mu'minun Ayat 17)


*_*Orange justice dance*_*",Opinion,Agreement,NO,A1=Agreement; A2=Question. Adjudicated as Agreement based on the dominant communicative function.
UgxsSDlCnCfOyWuDdWl4AaABAg.8WtLMGx4RpU8WtRjq2w--N,zbSe0xE7tg0,UgxsSDlCnCfOyWuDdWl4AaABAg,adam sentik mimin yahudi jadi ga ngambil ilmu dari agama wkwk,Opinion,Disagreement,NO,A1=Disagreement; A2=Opinion. Adjudicated as Disagreement based on the dominant communicative function.
UgyDpiUbaHoubBEhd4F4AaABAg.9MHcgil-dcr9MIX7fcqpjF,rha05J96bOM,UgyDpiUbaHoubBEhd4F4AaABAg,klo muncul di film ukurannya gimana yah...,Opinion,Question,NO,
Ugzq3Vb9gDaz6-e1KdJ4AaABAg,AxyPASIXz1k,TOP_LEVEL,3:45 terinspirasi dari anime Hataraku Saibou ????,Opinion,Opinion,NO,A1=Opinion; A2=Question. Adjudicated as Opinion based on the dominant communicative function.
UgyvrTjAcUR-GYxaLKt4AaABAg.9MPFHp22YHN9MPWTV2WGzj,twXOQyxZWxY,UgyvrTjAcUR-GYxaLKt4AaABAg,"Delapan min, itupun gua paksain",Opinion,Opinion,NO,
UgxK9w7hTGeEPyPBdl14AaABAg,QK01ROEqJ1A,TOP_LEVEL,Dan diluar sana hidup Thanos beserta antek-anteknya yang bisa mengancam eksistensi kita wkwkwk,Opinion,Opinion,NO,
UgxbRoWmWxKBxMRHtLx4AaABAg,21seK8tKSYI,TOP_LEVEL,Admin kontol kecil penakut sok bijak,Opinion,Disagreement,NO,A1=Disagreement; A2=Opinion. Adjudicated as Disagreement based on the dominant communicative function.
Ugh6tocFm1dCF3gCoAEC,iyJeozHhvJI,TOP_LEVEL,"katanya bulan makin menjauh dari bumi :V

berarti tak lama lagi emang masih lama bulan akan hilang dari bumi :V",Opinion,Opinion,NO,
UghQ2daqytKRuHgCoAEC,iq0yOkj3d28,TOP_LEVEL,jangan kan ke bulan.. ?ª?? masih ?? bumi ajah benua antartika belum Å?à orang ?ª?? bisa melewati nya,Opinion,Disagreement,NO,A1=Disagreement; A2=Question. Adjudicated as Disagreement based on the dominant communicative function.
UgxVYhc8ueMQA2WuAPN4AaABAg.8e7DUsZS-Ty8e7HpX9ZTYo,21seK8tKSYI,UgxVYhc8ueMQA2WuAPN4AaABAg,"GamerZ Android hai,mampir juga ya ke channel ku ,jika ada waktu , mohon suport nya ??",Opinion,Suggestion,NO,A1=Suggestion; A2=Question. Adjudicated as Suggestion based on the dominant communicative function.
Ugz2jiWHNAXIh_qK07J4AaABAg,qis44fqpuAU,TOP_LEVEL,Masa lalu biar gw kasih tau wibu juga bisa berkarya,Opinion,Opinion,NO,
UgyUodgzN1pwUzLyTLt4AaABAg.8odd9qSUGMA8ofrD17UJYV,RBFhyVux3IE,UgyUodgzN1pwUzLyTLt4AaABAg,"Biarkan kak kobi yang jawab:""",Opinion,Opinion,NO,
UgyTMb0gKN_5fCmI0o54AaABAg,QK01ROEqJ1A,TOP_LEVEL,Terus siapa yg penah ksana bisa ampe tau gini.. varah,Opinion,Question,NO,
Ugz2IryVmcGTyFzmu_Z4AaABAg,AxyPASIXz1k,TOP_LEVEL,Yang lebih kecil dari atom adalah harapanku untuk bersanding dengannya,Opinion,Opinion,NO,
UggGUaiFyCpx3HgCoAEC,iyJeozHhvJI,TOP_LEVEL,yang terjadi jika bulan lenyap adalah Toneri tak akan muncul di Naruto The Last,Opinion,Opinion,NO,
Ugyv-0bMqMPOi_NIEst4AaABAg,21seK8tKSYI,TOP_LEVEL,Didlm islam bumi ada ujung nya,Opinion,Opinion,NO,
UgzpT6PBYitORFlDRX94AaABAg.8yh6BPi2_iF9BTvWteZHwH,eXml_nlmPoE,UgzpT6PBYitORFlDRX94AaABAg,@b27sr18 yaa gw buat komennya kan 2019,Opinion,Opinion,NO,
UgxtSBFqj5ibU60TQa94AaABAg,FGdLT8UuBZI,TOP_LEVEL,Gerhana bulan,Opinion,Opinion,NO,
UgyLpSIncBGpHhbQ4R14AaABAg.8zUtoZ6VFjJ8zaOkReJOv9,21seK8tKSYI,UgyLpSIncBGpHhbQ4R14AaABAg,Film animasi ini mah??,Opinion,Question,NO,
Ugi5MefWE1C48XgCoAEC.8VW0pBMW6Kk8VWnlT64wPu,2EVv7dmTFik,Ugi5MefWE1C48XgCoAEC,100 Untuk Insan Kamil ??,Opinion,Opinion,NO,A1=Opinion; A2=Question. Adjudicated as Opinion based on the dominant communicative function.
UgwiuHI58WSHmuHCOjJ4AaABAg.9dX7XE2vjXF9dj2WldXlyy,FMNRItiR6ZA,UgwiuHI58WSHmuHCOjJ4AaABAg,@DaffabinZaid kalau mau cari penjelasannya di google atau youtube bisa mati gw kalo ngomongin disini soalnya bisa sampe 500 paragraf,Opinion,Suggestion,NO,A1=Suggestion; A2=Opinion. Adjudicated as Suggestion based on the dominant communicative function.
UgzjkXnmudTI7RRduXV4AaABAg.908GhcApw-OA5htjzkSZex,QK01ROEqJ1A,UgzjkXnmudTI7RRduXV4AaABAg,Woi bantu,Opinion,Suggestion,NO,A1=Suggestion; A2=Opinion. Adjudicated as Suggestion based on the dominant communicative function.
UggK3OjRG-strXgCoAEC,iq0yOkj3d28,TOP_LEVEL,"bagi saya sih yg percaya bumi datar otak primitif,  yg sekrang di kembangkan lagi....",Opinion,Disagreement,NO,A1=Disagreement; A2=Opinion. Adjudicated as Disagreement based on the dominant communicative function.
UgyR1s-8urGMEA-lGXB4AaABAg.9MIDAujN3xa9MK44q_HAd9,rha05J96bOM,UgyR1s-8urGMEA-lGXB4AaABAg,Bocil mana zaman sekarang mana tau??,Opinion,Opinion,NO,A1=Opinion; A2=Question. Adjudicated as Opinion based on the dominant communicative function.
UgznnYwUa3hajUjF2wp4AaABAg.8qKHtv7fR1s8qNN0pfj6zi,rloh5wZxFrU,UgznnYwUa3hajUjF2wp4AaABAg,Anjir panjang amat penjelasannya,Opinion,Opinion,NO,
UgyfXmgIc6Gr3kDFVUp4AaABAg,QK01ROEqJ1A,TOP_LEVEL,merinding ya Allah . AllahuAkbar,Opinion,Praise,NO,A1=Praise; A2=Opinion. Adjudicated as Praise based on the dominant communicative function.
UgjJRoJVooJuzHgCoAEC,Tx87wEaDtxo,TOP_LEVEL,pengertian galaksi dong,Opinion,Question,NO,A1=Question; A2=Opinion. Adjudicated as Question based on the dominant communicative function.
UgyFycmukPWbKPcZgv54AaABAg,QK01ROEqJ1A,TOP_LEVEL,"jgn batasi kuasa tuhan dgn akal fikiriranmu,,,kagak bakalan nyampe cuk",Opinion,Disagreement,NO,A1=Disagreement; A2=Opinion. Adjudicated as Disagreement based on the dominant communicative function.
UgxUgttpq0sQCCTNjz14AaABAg,uA3cMFjqfaM,TOP_LEVEL,"ntar bang yang alat tadi,yang dapat  memproduksi oksigen dan karbon tuh,nah alat  itu memproduksi oksigen dan karbon dari atmosfernya si mars tadi katanya atmosfer di mars hanya sedikit jika kita ambil oksigen dan karbon di ntuh atmosfer nanti mars dilindungi ama siapa,bisa bisa ada benda lain yang jatuh ke mars,nah manusia pengen pindah kemana lagi... masa mau di black hole",Opinion,Question,NO,A1=Question; A2=Opinion. Adjudicated as Question because the text contains a stronger cue for the primary function (Question).
Ugzlz7b6GbkqREfN4nl4AaABAg.9JtG6m53R399K2i7bFr4Xv,T9ttUfGG7EE,Ugzlz7b6GbkqREfN4nl4AaABAg,"@??? Sudah dijelaskan, pikirkan tentang Ruang HAMPA UDARA !",Opinion,Disagreement,NO,A1=Disagreement; A2=Question. Adjudicated as Disagreement based on the dominant communicative function.
UgxwKeA_wELJAFoBZqh4AaABAg,jPyd0Xv5LfY,TOP_LEVEL,pada saat awal sepeda bergerak keseimbangan ada pada kayuhan pedal kiri dan kanan. Setelah sepeda bergerak sepeda akan meluncur seimbang jika daya dorong yang dihasilkan pedal lebih (daya luncur) lebih besar dari beban dorongan ke kiri dan ke kanan dari badan,Opinion,Opinion,NO,
UgxpJ6s8I5o33cZ6ptx4AaABAg.8e7CxvCBUKx8e7FDLzMZTg,21seK8tKSYI,UgxpJ6s8I5o33cZ6ptx4AaABAg,"kungkingkang Tech Support kasian kasian kasian...
wake up broww.,makanya sering2 mikir.,biar kadar micin berkurang..????????",Opinion,Disagreement,NO,A1=Disagreement; A2=Question. Adjudicated as Disagreement based on the dominant communicative function.
Ugx34kbqlvyR_MK7y9N4AaABAg,21seK8tKSYI,TOP_LEVEL,Pengertian ilmiah tenaga dalam / kekuatan alam bang...,Opinion,Question,NO,A1=Question; A2=Opinion. Adjudicated as Question based on the dominant communicative function.
Ugyi4-3q_-RmZkk81gh4AaABAg,QK01ROEqJ1A,TOP_LEVEL,"Sampe mati gk bakal bisa tau misteri alam semesta, sedih banget sih. Padahal gw penasaran luar biasa .",Opinion,Praise,NO,A1=Opinion; A2=Praise. Adjudicated as Praise because the text contains a stronger cue for the primary function (Praise).
Ugz8bm47AV32s9PmZ-Z4AaABAg.8xg_2IcN3_58xgauV3HHsO,t5SaFgSaM_M,Ugz8bm47AV32s9PmZ-Z4AaABAg,@reganharvan sy gak ngerti mksdnya apa wkwk,Opinion,Opinion,NO,A1=Opinion; A2=Question. Adjudicated as Opinion based on the dominant communicative function.
UgzVtJOBhu20b4SWdHd4AaABAg,impJiSfof9E,TOP_LEVEL,Cibaku tensei,Opinion,Opinion,NO,
Ugytgp1CD3VKlTjjYjN4AaABAg,iyJeozHhvJI,TOP_LEVEL,Kalau bulan lenyap maka yang namanya manusia serigala gaakan ada,Opinion,Opinion,NO,
UgjlH0UMQQbXNXgCoAEC,iyJeozHhvJI,TOP_LEVEL,Maha Besar Allah Yang Menciptakan matahari dan bulan  ??,Opinion,Praise,NO,A1=Praise; A2=Question. Adjudicated as Praise based on the dominant communicative function.
UghjtbePZvxNdHgCoAEC.8CabO3P8JR58CbZACNZtAz,PEbhbW4rgy4,UghjtbePZvxNdHgCoAEC,bumi perlahan-lahan akan hancur dan runtuh karena tak ada penopang,Opinion,Opinion,NO,
Ugw9cd4B-Tyt0b2yAhd4AaABAg,AxyPASIXz1k,TOP_LEVEL,"Gw nonton saking seriusnya nya sambil makan mie instan yang pedas 2 porsi,sampe gk kerasa kalo mie nya udah habis dan airnya masih utuhh??",Opinion,Experience,NO,A1=Experience; A2=Question. Adjudicated as Experience because the text contains a stronger cue for the primary function (Experience).
Ugwet8WEOBztuLj-YLx4AaABAg,QK01ROEqJ1A,TOP_LEVEL,"Subhanlllah , gak kebayang begitu sucinya dan mulianya Nabi kita adalah seorang Manusia yang bisa menembus 7 lagit dan bertemu Di hadapan Allah.SWT. Allahu Akbar..Allah yang maha Esa. Maha segala2nya ..semoga diri ini menjadi manusi yang senantiasa dalam lindungannya aamiin",Opinion,Praise,NO,A1=Praise; A2=Opinion. Adjudicated as Praise based on the dominant communicative function.
UghruGXIKJtD13gCoAEC.8OUA70acXzf9PjnOYowPv1,NVDIHTGVcLc,UghruGXIKJtD13gCoAEC,Iya andai kita ada di dunia minecraft ??,Opinion,Opinion,NO,A1=Opinion; A2=Question. Adjudicated as Opinion based on the dominant communicative function.
Ugyl2wuSvF0vL6y9P814AaABAg.8YAQ2cdZ0ny8qlWlCxLmNw,Tx87wEaDtxo,Ugyl2wuSvF0vL6y9P814AaABAg,Bisa dihisap bro kan black hole bener bener kuat bahkan Jupiter aja bisa,Agreement,Opinion,NO,A1=Opinion; A2=Agreement. Adjudicated as Opinion based on the dominant communicative function.
UgwncmYkLR4qx_19qcN4AaABAg,QK01ROEqJ1A,TOP_LEVEL,Seluas itu lho . Dan elo masih jomblo ? Wkkwkwkw malu sama kucing peliharaan alien dari multi universe,Agreement,Opinion,YES,A1=Opinion; A2=Question. Adjudicated as Opinion based on the comment's primary discourse function. Marked off-topic because the comment is clearly unrelated to the substantive video discussion.
UgzCM7NacrR4ma41BFx4AaABAg,H_5TPzquRyo,TOP_LEVEL,Berarti teori darwin soal evolusi manusia tidak terbukti benar kan,Agreement,Question,NO,A1=Question; A2=Opinion. Adjudicated as Question based on the dominant communicative function.
UgwfA8V53xY61BkMPip4AaABAg,Tx87wEaDtxo,TOP_LEVEL,Dikirain gua blackhole yg di boboiboy the movie sama pain di naruto,Agreement,Opinion,NO,
Ughw1CVZW99zMXgCoAEC,iyJeozHhvJI,TOP_LEVEL,"saya suka channel ini soalnya channel ini kalo bahas sesuatu itu pake kepinteran, pake otak, bukan cuma searching yg cuma ""katanya"", channel sebelah tuh, bahas sesuatu bahannya cuma searching yang sebenernya ga bener.",Agreement,Praise,NO,A1=Praise; A2=Agreement. Adjudicated as Praise because the text contains a stronger cue for the primary function (Praise).
Ugitl6-mi5ZQ8XgCoAEC,H_5TPzquRyo,TOP_LEVEL,"Min kalau berani, nanti rencana DR Zakir Naik mau Ke Indonesia. biar seru nih, coba lu jelasin ini ke beliau. bantah penjelasan beliau langsung. 
mudah2an bener jadi ke Indonesia. Gmne? terima tantangan ga? hehe.",Agreement,Question,NO,A1=Suggestion; A2=Question. Adjudicated as Question because the text contains a stronger cue for the primary function (Question).
UgzDyDGFkcCq4f39LIN4AaABAg.9MPHUzQgQ0Q9MQPwWcgyui,twXOQyxZWxY,UgzDyDGFkcCq4f39LIN4AaABAg,@hknx78 nah ini yang bener ngarang lu bro ???,Agreement,Disagreement,NO,A1=Disagreement; A2=Question. Adjudicated as Disagreement because the text contains a stronger cue for the primary function (Disagreement).
UgzXJa7MVgqMBB4jxZt4AaABAg,QK01ROEqJ1A,TOP_LEVEL,"Jarak terjauh itu adalah langit ke tujuh yaitu sidratul muntaha, dan manusia pertama yg dah nyampe disana yaitu nabi Muhammad Sallalluhu Allaihi wassalam. Itu bukti yg pasti benar krn merupakan firman Allah Subhanawataala. Sebagai pemilik dan pencipta ..alam semesta ini !   Wallahualam bisawab.",Agreement,Opinion,NO,
UgwEJPO57FpZRx9CuqJ4AaABAg,QK01ROEqJ1A,TOP_LEVEL,"Giga Drill Gurren laggan sebanding sama yg mana? ??
Just joke",Agreement,Question,NO,
UggsBPe2FXSDx3gCoAEC,iq0yOkj3d28,TOP_LEVEL,"Benar bentuk bumi itu bulat tapi yang saya tau, tidak berbentuk bulat sempurna  tapi karena penglihatan dan Atmosfer  yang membuat bumi terlihat butal sangat.... mantap videonya bro... simpel pisan..",Agreement,Praise,NO,
UgxmtzJVn2giSb0d0Ct4AaABAg.8u7fnKChmB99T44hfAJDwW,impJiSfof9E,UgxmtzJVn2giSb0d0Ct4AaABAg,@nangar7288 komen lu dijadiin vid sama bang kobi,Agreement,Opinion,NO,
UgyjFy_B7VtU9bOc5CZ4AaABAg.8yAPL05VDdT9BVDONp9Nb4,t5SaFgSaM_M,UgyjFy_B7VtU9bOc5CZ4AaABAg,@moyacy yaps betul,Agreement,Agreement,NO,
UgzvZllJZsP2leNbZNt4AaABAg,qis44fqpuAU,TOP_LEVEL,"Masa depan: karna biar bisa memperbaiki apa yg salah, dan bs liat Netijen Indo msh sama/ ngak ad bedanya, dan biar bisa liat cerah/ ngak masa depannku wkwk, Dan bisa liat apa Galacticos Madrid yg baru.  knp tidak masa lalu? Karna yahh pengalaman2 masa lalu kan nanti akan berguna buat masa depan",Agreement,Question,NO,A1=Opinion; A2=Question. Adjudicated as Question because the text contains a stronger cue for the primary function (Question).
UgzjGribaF5gtjZFrg94AaABAg,21seK8tKSYI,TOP_LEVEL,cara paling cerdas untuk mencuci otak adalah dengan animasi kartun selipkan sedikit humor yg bikin logika tersentil & tergelitik sampe akhirnya kita menelan mentah2 serta mempercayai pencucian otak itu menjadi terasa benar.,Agreement,Opinion,NO,
UgytOR26zL9sA6V-LzF4AaABAg,QK01ROEqJ1A,TOP_LEVEL,Semut aja udah kecil banget sama manusia apalagi sama alam semesta,Agreement,Opinion,NO,
Ugz5P9ns1Nwe3SB4ZZd4AaABAg,QK01ROEqJ1A,TOP_LEVEL,"Alhamdulillah ya allah pertanyaanku terjawab lewat video ini,benar kata pepatah diatas langit masih ada langit",Agreement,Praise,NO,
UgjbCv_bIGRAFHgCoAEC.8RyXKqsQmcJ8SKxBYCNDhU,NVDIHTGVcLc,UgjbCv_bIGRAFHgCoAEC,"Miau Suan Yang bener itu Elevator oi, lift itu artinya mengangkut",Agreement,Correction,NO,A1=Correction; A2=Agreement. Adjudicated as Correction based on the dominant communicative function.
UgzuBwz_OmwA6Z0SzCZ4AaABAg,QK01ROEqJ1A,TOP_LEVEL,"Ada triliun""an planet dan sangat luas alam semesta ini dan kalian masih jomblo, sama:)",Agreement,Opinion,YES,Marked off-topic because the comment is clearly unrelated to the substantive video discussion.
Ugw9zBTyJ5Dtmu6ymJ14AaABAg.8ukwqvW7AfM9677XsT2Bfe,FjFsx6iQE3Y,Ugw9zBTyJ5Dtmu6ymJ14AaABAg,"@princextom963 
4,37 dibulatin jadi 4000 tahun ? Yang benar saja, itu bilangan berkoma. Misalnya 1,2 Jam, apakah itu berarti 12 Jam ? Tidak kan ? 1,2 Jam berarti 1 Jam 12 Menit, sama seperti jarak ke Alpha Centauri yaitu 4,37 Tahun cahaya",Agreement,Correction,NO,A1=Correction; A2=Question. Adjudicated as Correction because the text contains a stronger cue for the primary function (Correction).
Ugxw39_rKm488YL8Gmx4AaABAg,t5SaFgSaM_M,TOP_LEVEL,Ke mars aja biar sama erpan,Agreement,Opinion,NO,
UgwPGSHq1IhpOMm_q3N4AaABAg.985ch5hKcze98BkS0-z8bF,21seK8tKSYI,UgwPGSHq1IhpOMm_q3N4AaABAg,"1.Semakin jauh dari permukaan Bumi, semakin rendah kerapatan udara. Maka, gaya angkat yang dihasilkan sayap pesawat juga akan semakin rendah
2.pesawat komersil didesain stabil terhadap arah gravitasi (longitudinal static stability). Jika tidak ada input dari pilot, pesawat akan secara otomatis meluruskan posisi agar tegak lurus terhadap arah gaya berat.
3.Semakin miring posisi pesawat terhadap permukaan Bumi, maka semakin kecil komponen gaya angkat yang dihasilkan sayap yang arahnya melawan gaya besar. Sedangkan gaya berat sendiri selalu memiliki arah ke pusat Bumi
4.Dengan parameter terbang yang konstan (kecepatan, dan sebagainya), pesawat akan terbang mengikuti tekanan udara yang sama. Tekanan udara akan praktis konstan pada ketinggian yang sama dari permukaan bumi
5.mesin pesawat  pada umumnya memiliki gaya dorong yang lebih rendah daripada berat pesawat. Jadi, mesin pesawat tidak dapat membawa pesawat naik jika hanya itu gaya yang bekerja pada pesawat
6.Mesin pesawat membutuhkan oksigen. Semakin tinggi, oksigen semakin menipis, dan suatu saat mesin pesawat tidak lagi dapat bekerja dan menghasilkan gaya dorong.
Semoga membantu kak??",Agreement,Opinion,NO,A1=Opinion; A2=Question. Adjudicated as Opinion based on the dominant communicative function.
Ugw2h0QFsbypR4XlqDJ4AaABAg,qis44fqpuAU,TOP_LEVEL,Mau ke masa lalu dan ketemu diri sendiri. Terus nyuruh dia untuk sering-sering nabung dan belajar yang bener. :)),Agreement,Experience,NO,A1=Experience; A2=Agreement. Adjudicated as Experience based on the dominant communicative function.
Ugy4wa5kzx98LeA5f6d4AaABAg.9GCbL-ZbtDm9Hbt1sUxG--,21seK8tKSYI,Ugy4wa5kzx98LeA5f6d4AaABAg,Ya kalau gitu gua teleskopnya pake helikopter lebih jelas gaada lagi yang namanya ketutupan gunung sama bangunan!!!!,Agreement,Suggestion,NO,A1=Suggestion; A2=Opinion. Adjudicated as Suggestion based on the dominant communicative function.
Ugyg3Rgm8dkvUAtjchV4AaABAg,QK01ROEqJ1A,TOP_LEVEL,"Allah berfiman :
Hai jamaah jin dan manusia, jika kamu sanggup menembus (melintasi) penjuru langit dan bumi, maka lintasilah, kamu tidak dapat menembusnya kecuali dengan kekuatan (Qs. Ar-Rahman : 33)
Alam semesta ini luas sekali Allah SWT berfirman:
Dan langit itu Kami bangun dengan kekuasaan (Kami) dan sesungguhnya Kami benar-benar meluaskannya.(QS. Adz-Dzariyat 51:47)
Ini ada di ajaran agama yang saya
Sungguh nikmat tuhan mana lagi yang kau dustakan",Agreement,Agreement,NO,A1=Agreement; A2=Opinion. Adjudicated as Agreement based on the dominant communicative function.
UgxXOnYceUJjE_S7U-t4AaABAg,T9ttUfGG7EE,TOP_LEVEL,Itu Medvedev sama Trump kah? .-.,Agreement,Question,NO,
Ugzh2sQuFXyJNkJLX_R4AaABAg.9BcyW_Jau0h9EH3gtmvMrN,21seK8tKSYI,Ugzh2sQuFXyJNkJLX_R4AaABAg,"@random-xj4vn gw setuju Ama komen balesan diatas, anggota NASA ga sedikit dan ga cuman dari 1 negara, kalo NASA berbohong salah satunya pasti memberi tahu :)",Agreement,Agreement,NO,
UgyrQZugx2lgwMrk1L14AaABAg.98Kn036b1Xk98OtHnzG_XL,21seK8tKSYI,UgyrQZugx2lgwMrk1L14AaABAg,"@pagisuri7415 gua tnggu lu jawab 5 pertanyaan gua diatas bro, jangan ngilang yak, buktikan kalo FE benar ??",Agreement,Question,NO,
Ugzact3X6ZIPuNsbLVh4AaABAg,QK01ROEqJ1A,TOP_LEVEL,"Selalu salut sama konten""nya..",Agreement,Praise,NO,A1=Praise; A2=Opinion. Adjudicated as Praise because the text contains a stronger cue for the primary function (Praise).
UgxgKSJdC8TYszVEGrh4AaABAg.8WtGFHKMpJs8WtJ8ANWwuX,zbSe0xE7tg0,UgxgKSJdC8TYszVEGrh4AaABAg,"Itu kayaknya jari manis sama jari kelingking urat nya nyatu.
Tapi gak tau juga",Agreement,Opinion,NO,
UggQXtI3JQFmwXgCoAEC.8AfPGqF07iL8PHGgzX0jyX,H_5TPzquRyo,UggQXtI3JQFmwXgCoAEC,"Selain Teori Evolusi ada yang namanya Teori Penciptaan.
So masih sama sama tingkat teori. Tapi Teori Penciptaan lebih masuk akal. Al-Qur'an dan Sains tidak dapat di pisahkan, waktu akan menjawabnya. HUKUM Al-Qur'an ( di atas teori ) berlaku sampai hari kiamat jadi mau tidak mau Sains yang akan mengikuti Al-Qur'an.
Dasar penolakan Teori Evolusi :
Dasar penolakannya cuma 1 saja, yaitu tidak ada perubahan yang 
signifikan antara makhluk yang hidup puluhan, ratusan bahkan milyaran 
tahun yang lalu dengan makhluk sejenis saat ini. Kalaupun teori evolusi 
itu benar, seharusnya mereka sudah berubah bentuk sejak lama.
Contohnya Buaya Prasejarah dengan yang sekarang masih sama aja bentuknya masih jalan dan berenang dengan empat kaki juga.",Agreement,Correction,NO,A1=Disagreement; A2=Suggestion. Adjudicated as Correction because the text contains a stronger cue for the primary function (Correction).
UgyJivHRThhmRza14lF4AaABAg,QK01ROEqJ1A,TOP_LEVEL,Maka benar Hadist Rasulullah tengang Langit pertama di bandingkan langit ke 2 dan seterusnya bagaikan Cincin yang di buang di padang pasir. Allahuakbar,Agreement,Agreement,NO,A1=Agreement; A2=Opinion. Adjudicated as Agreement based on the dominant communicative function.
UgwLXoY7BljkLcRzJNN4AaABAg,21seK8tKSYI,TOP_LEVEL,Katanya bumi berputar 700ribu KM/jam terus roket  sekitar 10ribu KM/jam terus roket keluar  dari  muka bumi berarti gak bisa balik dong kan BUMI sama roket  CEPET BUMi gak masuk akal dehh,Agreement,Question,NO,A1=Question; A2=Agreement. Adjudicated as Question based on the dominant communicative function.
UgwksPJqay_o5eyJK-x4AaABAg,qis44fqpuAU,TOP_LEVEL,Kemasa lalu untuk ngambil cincin pernikahan saya yang dicuri sama pencuri! yg mirip saya:v,Agreement,Experience,NO,A1=Experience; A2=Opinion. Adjudicated as Experience based on the dominant communicative function.
UgzClGWmkJ7fEvFYdah4AaABAg,T8g_hUpx9VU,TOP_LEVEL,Masih kalah sama J2 Prime.,Agreement,Opinion,NO,
UgjTIlrMa71H-ngCoAEC.8Ig72-X8JAL8T_cMPBVxpA,NVDIHTGVcLc,UgjTIlrMa71H-ngCoAEC,"kalo dari wikipedia ""Bukti-bukti akan cemeti azab itu telah diketahui menurut Book of Jubilee menara babel ini mempunyai tinggi 2,484 meter."" ga ngerti bener ga, yang jelas itu hampir setinggi gunung merapi katanya.",Agreement,Opinion,NO,A1=Opinion; A2=Agreement. Adjudicated as Opinion based on the dominant communicative function.
Ugj_0NovTy-bhngCoAEC.8895QTT9PZ488ACEkY0m5w,FjFsx6iQE3Y,Ugj_0NovTy-bhngCoAEC,"Saya kayaknya setuju dengan yang skenario terakhir, karena usia bumi 1/3 usia alam semesta! ><",Agreement,Agreement,NO,
UgyxYRIFZZ0X8mAj-754AaABAg.8WtJTrN94Y98Wv9NjjnHgz,zbSe0xE7tg0,UgyxYRIFZZ0X8mAj-754AaABAg,"Bukan gitu broo,maksud gue ,ilmu agama gak akan sejalan sama ilmu pengetahuan,misalnya bumi tercipta karna tabrakan benda benda luar angkasa,terus kalau di islam diciptakan  selama 6 hari untuk menciptakan langit dan bumi,dan seperti itu,gak akan bisa satu pemikiran,atau berbeda maksud bro",Agreement,Disagreement,NO,A1=Disagreement; A2=Opinion. Adjudicated as Disagreement based on the dominant communicative function.
UgzMJ3XzRinx5lGidBR4AaABAg.9-ZybX-Qyaj903xprRsMo4,QK01ROEqJ1A,UgzMJ3XzRinx5lGidBR4AaABAg,@ivanmorales8606 kalo gua si blum percaya sama Nasa karena yg pertama terbang ku ruang angkasa gak berani *sumpah di atas Al Qur'an*,Agreement,Disagreement,NO,A1=Disagreement; A2=Opinion. Adjudicated as Disagreement based on the dominant communicative function.
UgxZrXPsyXS3H2rx1gx4AaABAg.9N-8Rh3XdTn9Vgoav-8QVL,21seK8tKSYI,UgxZrXPsyXS3H2rx1gx4AaABAg,"Ribet ya ngobrol sama kaum fe, kalau mereka gk percaya gravitasi ya saya gk percaya sama bumi datar wkwkwk ??",Agreement,Disagreement,NO,A1=Disagreement; A2=Question. Adjudicated as Disagreement based on the dominant communicative function.
Ugxc7rcCY2ey0QN5Bm94AaABAg,5Zi4qGpGop4,TOP_LEVEL,Semua sudah di atur sama yg Maha Kuasa Allah SWT,Agreement,Agreement,NO,A1=Agreement; A2=Opinion. Adjudicated as Agreement based on the dominant communicative function.
Ugx2uQCKiMAcoLE58AJ4AaABAg.990RoDGYf7r9A2m1DpUScn,21seK8tKSYI,Ugx2uQCKiMAcoLE58AJ4AaABAg,"jangan ditonton cuci otak itu, mirip2 sama rangga sunda empire asal ngomong tapi meyakinkan.",Agreement,Disagreement,NO,A1=Disagreement; A2=Suggestion. Adjudicated as Disagreement based on the dominant communicative function.
Ugy4wa5kzx98LeA5f6d4AaABAg.9GCbL-ZbtDm9RtzqNCYD94,21seK8tKSYI,Ugy4wa5kzx98LeA5f6d4AaABAg,@Gema Santosa Putra @Taro Misaki sebenernya bumi gak bulet sama gak datar tapi oval ke buletan,Agreement,Correction,NO,A1=Correction; A2=Agreement. Adjudicated as Correction based on the dominant communicative function.
UgyOdA2Sz4IxZ_mFLaN4AaABAg,QK01ROEqJ1A,TOP_LEVEL,"Dan kalian terlalu naif bila menganggap kalianlah satu-satunya penghuni alam semesta ini.

Maka dari itu, sadarlah kalian bahwa kita semua ini sama, sama-sama penghuni Bumi tercinta ini. Janganlah kalian terpecah hanya karena perbedaan anugerah yang kalian dapat ketika lahir. Jangan pula kalian bertikai hanya karena perbedaan paham yang abstrak.

Bersatulah dalam merawat Ibu Pertiwi kalian. Bersatulah dalam segala perbedaan yang kalian miliki. Karena sejatinya perbedaan itu yang membuat kalian spesial. Dan perbedaan itulah yang melengkapi kalian satu sama lain.

Sekian dari saya yang hanya bagaikan butiran pasir di sebuah gurun yang luas.",Agreement,Experience,NO,A1=Opinion; A2=Suggestion. Adjudicated as Experience because the text contains a stronger cue for the primary function (Experience).
UgxVlCz3fASqc3fyC2t4AaABAg.9pYbRWwyyuV9qMoWuFzetY,21seK8tKSYI,UgxVlCz3fASqc3fyC2t4AaABAg,"@sejahtera62 
Bahas atas bawah otakmu masih berfikirtan seperti bola yang nempel di lantai dan bagian bawah mau lihat atas harus lihat bawah

Sekarang jelasin gimana satelit bekerja ?
Satelit google bekerja

Matahari aja masih belum jelas katanya beredar di atas bumi sedangkan yang dilihat sebenarnya matahari tenggelam atau terbenam sama saja di KBBI kalau beredar gimana beredarnya, harusnya gk tenggelam tapi kelihatan jelas beredarnya karna posisi sangat tinggi harusnya perlu jarak miliyaran kilomater untuk memposisikan matahari tepat 1°",Agreement,Question,NO,
UgyO2ueUxqumb9O3msF4AaABAg.8tchb-e9N7Y8tencPMnyA2,impJiSfof9E,UgyO2ueUxqumb9O3msF4AaABAg,@Metalian666.1 ye kan kacau bener,Agreement,Disagreement,NO,A1=Disagreement; A2=Agreement. Adjudicated as Disagreement based on the dominant communicative function.
Ugz251cHYahk7tnlOL14AaABAg.9ffsPNr079W9j0bdop0XTM,21seK8tKSYI,Ugz251cHYahk7tnlOL14AaABAg,"@mujitoanam3349 SITU BODOG APA GIMANA YA?  Di islam penulisan yang benar allah swt kalo pemanggilan/penyebutan pake suara awloh(alloh). Kalo penulisan alloh jelas salah. Lu islam ktp gak usah rusak agama islam, semoga masuk neraka jahanam ente doyan merubah nama allah.

Kalo kristen manggil nya alah/ala.

Emang bener ternyata pengikut bumi datar kebanyakan ateis",Agreement,Correction,NO,A1=Correction; A2=Question. Adjudicated as Correction because the text contains a stronger cue for the primary function (Correction).
UghF8QIlLUEZnXgCoAEC.8RZ7zQ5TTRa8R_H-F_lxwP,YljSXjd4lnk,UghF8QIlLUEZnXgCoAEC,"helmi hibatullah bener panjang bro, lu belajar bahasa dimana sih?",Agreement,Question,NO,
UgzigsS5SAH4RrGGp6Z4AaABAg.9MUIICJb7-M9ahzRR6V5HQ,21seK8tKSYI,UgzigsS5SAH4RrGGp6Z4AaABAg,"@rafazyd-x Bodoh Percaya Aja Sama Kitab mu
Udah Tau Itu Pembodohan Manusia ????",Agreement,Disagreement,NO,A1=Disagreement; A2=Question. Adjudicated as Disagreement based on the dominant communicative function.
Ugw7cSZCFLBF10IwhDR4AaABAg,qis44fqpuAU,TOP_LEVEL,Ke warnet trus baikan sama temen,Agreement,Opinion,NO,
Ugz8NzN_8vxk9vt_tCJ4AaABAg,QK01ROEqJ1A,TOP_LEVEL,"Teori big bang & alien mungkin benar , dan Alquran itu benar ..",Agreement,Agreement,NO,A1=Agreement; A2=Opinion. Adjudicated as Agreement based on the dominant communicative function.
UgxCbSyJ4iNHXXfIqTl4AaABAg.8jSEtxC1fc08jUV8H0SmOl,qis44fqpuAU,UgxCbSyJ4iNHXXfIqTl4AaABAg,"Kayak nya pada ke masa lalu deh... 
Biar yang salah jodoh jadi bener :v",Agreement,Opinion,NO,A1=Opinion; A2=Agreement. Adjudicated as Opinion based on the dominant communicative function.
UgyN2Bqw41qTUSXtHsN4AaABAg.9KpbKYvX7S99N2OYIiTKou,QK01ROEqJ1A,UgyN2Bqw41qTUSXtHsN4AaABAg,Mybe bumi lain dan manusia yang berfikir sama dengan kita,Agreement,Opinion,NO,
Ugz77wD7JOMizDQbp754AaABAg.8zYVkwxewWM97QQKW7UhoW,QK01ROEqJ1A,Ugz77wD7JOMizDQbp754AaABAg,"@SarahPranadipta Bukti Al-Qur'an itu Firman Allah SWT karena tidak ada kesalahan dan kontradiksi di dalamnya. Kalau buatan manusia tidak mungkin semua isinya benar, dan pasti ada kontradiksinya.",Agreement,Agreement,NO,A1=Agreement; A2=Disagreement. Adjudicated as Agreement based on the dominant communicative function.
Ugyza7ZQFQy9MWOCNnN4AaABAg,21seK8tKSYI,TOP_LEVEL,"Duluuuuu rajin banget nontonin video2 bossdarling.. Dan selalu bergumam ""oh iya yaa"", "" Jadii gitu"" , ""bener juga nih""

Kalo skrg, udah nggak penting mikir bumi bulat atau datar,, ternyata yg paling penting adalah mikir menjadi pribadi yg lebih baik lagi, kerja, cari uang, dan badan yg sehat hehehew????",Agreement,Suggestion,NO,A1=Experience; A2=Question. Adjudicated as Suggestion because the text contains a stronger cue for the primary function (Suggestion).
UgwAWj6fVK35UAHIVgV4AaABAg,21seK8tKSYI,TOP_LEVEL,"Yang setuju bumi bulat like
Yang setuju bumi datar commen",Agreement,Agreement,NO,A1=Suggestion; A2=Agreement. Adjudicated as Agreement because the text contains a stronger cue for the primary function (Agreement).
UgjHvhZDTBkzQXgCoAEC.8Gprc_WBtqe8Qdm12GPQns,iq0yOkj3d28,UgjHvhZDTBkzQXgCoAEC,"Riyan Aja kalo NASA bohong, berarti ROSCOSMOS bener? Kan mereka bilang sama. Kalo ROSCOSMOS juga bohong, LAPAN bener dong? kalo LAPAN bohong, gitu aja terus. Tuduh aja semua bohong. 

Jangan berasa benar sendiri, sampeyan memang punya gelar? punya badan penelitian? punya badan antariksa? punya kelengkapan dan kemampuan untuk meneliti lebih lanjut? Mending daripada sampeyan koar-koar sama ""penelitian"" sampeyan, coba ke kantor LAPAN, badan antariksa Indonesia, coba debat disana kalau yakin benar. Gausah buru-buru ke NASA, LAPAN aja dulu. Nah, saya tunggu beritanya ya :)",Agreement,Suggestion,NO,A1=Disagreement; A2=Question. Adjudicated as Suggestion because the text contains a stronger cue for the primary function (Suggestion).
UgwwfDwVea-rzAALS0R4AaABAg,qis44fqpuAU,TOP_LEVEL,"Mesin waktu itu ga ada, masak sih kita boleh kembali kemasa lalu atau maju kemasa depan seenaknya. Nanti takutnya jika itu bener terjadi, org org yg ga bertanggung jawab malah menggunakan nya untk kejahatan, dan bisa mengubah sejarah donk..?? so kehidupan gaakan senyaman yg sekarang. Kalo bener ada sih saya mau ke masa lalu aja untuk memperbaiki kesalahan saya untk dijadikan pelajaraan di kehidupan saya sekarang..",Agreement,Question,NO,A1=Disagreement; A2=Question. Adjudicated as Question because the text contains a stronger cue for the primary function (Question).
Ugi-iTfKhF5LdHgCoAEC.8Gp-qEeXMX78HnnKggMdiU,iq0yOkj3d28,Ugi-iTfKhF5LdHgCoAEC,Menurutku  teori flatearth 101 seperti memojokkan Amerika serikat / seperti memiliki kebencian terhadap negara tersebut.  Ada yang sependapat sama saya?,Agreement,Agreement,NO,A1=Opinion; A2=Question. Adjudicated as Agreement because the text contains a stronger cue for the primary function (Agreement).
Ugy9tUxMWG-2S98y8-F4AaABAg,QK01ROEqJ1A,TOP_LEVEL,"Manusia itu makhluk paling mulia, dalam al Qur'an manusia dijadikan pemimpin dibumi..dan bumi lah satu2 nya yg berpenghuni manusia sedangkan bintang matahari bulan dll tidak berpenghuni manusia, kita ini yg terbaik dari seluruh makhluk ciptaan Allah, jadi jangan percaya dengan ilmuan yg anti Islam yg ingin membuat manusia merasa kecil dan tidak ada nilainya , dan mngnggambrkn kalau diluar sana ada galaksi galalsi yg mungkin itu hanya khayalan mereka yang dipercatai sama orang orang",Agreement,Praise,NO,A1=Opinion; A2=Praise. Adjudicated as Praise because the text contains a stronger cue for the primary function (Praise).
UgjQM0GDJ7eSZHgCoAEC.8GozmU7z-Io8GpzqExgiR8,iq0yOkj3d28,UgjQM0GDJ7eSZHgCoAEC,"flatearth kyk yg di maps gitu ternyata bohong besar, keliatannya Greenland sama luas dengan Benua Afrika, tenyata jauh beda. dan jg Benua Antarctica yg luasnya lebih kecil dr Afrika tapi keliatan besar di peta datar",Agreement,Disagreement,NO,A1=Correction; A2=Disagreement. Adjudicated as Disagreement because the text contains a stronger cue for the primary function (Disagreement).
Ughxu7wHCAJ_aXgCoAEC.8MlXP_P7Oxj8Mmk8ROlEYE,uA3cMFjqfaM,Ughxu7wHCAJ_aXgCoAEC,"Gue pernah mikirin ini pas kecil. Secara logika sih time travel mungkin kalau ke masa lalu karena udah terjadi tapi kemungkinan sih cuma bisa liat aja tapi gabisa ubah2 sejarah atau jatuh cinta sama orang disana kek di drama2 Korea wkwk
Teori gue sih tp kalo bisa keknya seru; mau liat orang2 zaman dulu",Experience,Experience,NO,
Ugh1wVysXNQp9XgCoAEC.8OxjU8G3RdJ8PHUwfrfaHJ,JRJ1ngbUe6A,Ugh1wVysXNQp9XgCoAEC,"hehe aku hanyalah orang bodoh yang menuntut keadilan bang, karna banyak kebohongan makannya orang bodoh ini setidaknya mengerti kabohongan mereka, walaupun ya si bodoh bisa apa?? mau gulingin rezim NASA?? ya orang bodoh ini gag bisa bang, tapi kalo semua orang bodoh tau kebohongannya mungkin bisa berubah tu sistem dunia yang seperti itu :)",Experience,Experience,NO,A1=Experience; A2=Question. Adjudicated as Experience based on the dominant communicative function.
UgxiyR4qw5a4ndndj2l4AaABAg,21seK8tKSYI,TOP_LEVEL,"Squidward : akhirnya aku bisa sendirian ...
Sendirian, sendirian, sendirian,
Sendirian, sendirian, sendirian,
Sendirian, sendirian, sendirian,
Sendirian, sendirian, sendirian,
Sendirian, sendirian, sendirian ... ??",Experience,Opinion,NO,A1=Opinion; A2=Question. Adjudicated as Opinion based on the dominant communicative function.
UgyppTHHV0k-YhHpjw54AaABAg,T9ttUfGG7EE,TOP_LEVEL,ya pernah,Experience,Experience,NO,
Ugx_7rvxKb7Qf_uKpXt4AaABAg,twXOQyxZWxY,TOP_LEVEL,Gak pernah di kasih love sama admin :-(,Experience,Opinion,NO,A1=Opinion; A2=Experience. Adjudicated as Opinion based on the dominant communicative function.
Ugz9rDprowm8uXakboZ4AaABAg,Tx87wEaDtxo,TOP_LEVEL,Aku lebih suka ass hole  cewek semok yang cantik,Experience,Opinion,NO,
UgyiQhqDJzSFFIhHpY14AaABAg.8zT8gBCgabY8zZSaBc2Odw,QK01ROEqJ1A,UgyiQhqDJzSFFIhHpY14AaABAg,@zefan5593 nggak tau juga aku juga lagi cari.. mirip2 lagu patriot kebangsaan,Experience,Opinion,NO,
UgxOSbleI4rGKZuWaxd4AaABAg,QK01ROEqJ1A,TOP_LEVEL,Allah memisahkan dunia kita dgn dunia alien(kalo emang bener ada) dgn jarak yg gak akan pernah bisa kita capai,Experience,Experience,NO,A1=Opinion; A2=Agreement. Adjudicated as Experience because the text contains a stronger cue for the primary function (Experience).
UgxBuJdsfduiu76VB0h4AaABAg,qis44fqpuAU,TOP_LEVEL,Masa lalu pengen perbaiki semua kesalahan yang dulu biar lega,Experience,Experience,NO,A1=Experience; A2=Disagreement. Adjudicated as Experience based on the dominant communicative function.
UgjIA111UoQpq3gCoAEC,iyJeozHhvJI,TOP_LEVEL,Apa yang terjadi jika Indonesia tak pernah di jajah oleh negara mana pun?,Experience,Question,NO,
UgyiGEVukleS6MVXjqx4AaABAg,qis44fqpuAU,TOP_LEVEL,"Kalau benar ada, aku mau lihat masa sebelum kemerdekaan",Experience,Experience,NO,A1=Experience; A2=Opinion. Adjudicated as Experience based on the dominant communicative function.
UgwXuuMuxwShK1zPBD14AaABAg.90EX3aVvzft90hM1uUr8Q-,QK01ROEqJ1A,UgwXuuMuxwShK1zPBD14AaABAg,@Kia-yi6th elo yg sekolah dulu jangan agama melulu. Agama ga berguna bikin bego,Experience,Disagreement,NO,A1=Disagreement; A2=Suggestion. Adjudicated as Disagreement based on the dominant communicative function.
UgxNtyRyFbD-7BQH25N4AaABAg.9LqzONXOs619LsRqyiHb3y,AxyPASIXz1k,UgxNtyRyFbD-7BQH25N4AaABAg,Hmm kayak mirip2 komen aku ya ????,Experience,Opinion,NO,A1=Opinion; A2=Question. Adjudicated as Opinion based on the dominant communicative function.
UggD5SA3swZrcXgCoAEC.8OveahPNbFO8OxOce1fteF,JRJ1ngbUe6A,UggD5SA3swZrcXgCoAEC,Slownif ada yang pernah lihat otaknya sendiri?,Experience,Question,NO,
UgyzXlbwaKuotWTPybl4AaABAg,T9ttUfGG7EE,TOP_LEVEL,Amerika pernah mendarat di bulan klo kita belanja di matahari,Experience,Experience,NO,A1=Opinion; A2=Experience. Adjudicated as Experience because the text contains a stronger cue for the primary function (Experience).
Ugz69HlMdj6bWMCtwsl4AaABAg.9PNazBcogQ49PP-gTrGsoE,jPyd0Xv5LfY,Ugz69HlMdj6bWMCtwsl4AaABAg,Karena dulu pas waktu mimpi ketemu ikan,Experience,Experience,NO,A1=Experience; A2=Opinion. Adjudicated as Experience based on the dominant communicative function.
Ugh2rcjKWL-2I3gCoAEC.8FkIl56oPsx8G0hNnmGJ8L,H_5TPzquRyo,Ugh2rcjKWL-2I3gCoAEC,"+Just A Random 14 Years Old Kid
terus kalian udah belajar apa dr quran?
coba deh 1 itu dulu dpelajari. dibaca terjemahannya dan korelasinya...",Experience,Suggestion,NO,A1=Suggestion; A2=Question. Adjudicated as Suggestion because the text contains a stronger cue for the primary function (Suggestion).
UgzXLjoXNP1HvBV9rDV4AaABAg.8d_YJk9aKyC8dcWFXD_58u,0QCq6GPY8kQ,UgzXLjoXNP1HvBV9rDV4AaABAg,"Karena bumi punya magnet.

Pengembara Cina dulu pake jarum magnet yang diapungin di atas kertas anti air. Ternyata si jarum selalu nunjuk ke arah tertentu: Utara, dan gak pernah kebalik nunjuk selatan.",Experience,Opinion,NO,A1=Opinion; A2=Experience. Adjudicated as Opinion based on the dominant communicative function.
UgzabvXZPiAHjJZ0XAd4AaABAg,QK01ROEqJ1A,TOP_LEVEL,ternyata video paling horor bagiku adalah ini.. Berdebar terus aku nontonnya,Experience,Praise,NO,A1=Praise; A2=Opinion. Adjudicated as Praise based on the dominant communicative function.
UgjHvhZDTBkzQXgCoAEC.8Gprc_WBtqe8RpBst4g-FS,iq0yOkj3d28,UgjHvhZDTBkzQXgCoAEC,"Andri Hermawan kalo soal itu mas coba scroll up deh, saya sepertinya sudah pernah menanggapi bersama beberapa kawan lain persoalan itu pada waktu ditanyakan beberapa waktu lalu.

Saya mencoba menghindari perdebatan soal ini karena akan berujung kepada debat penafsiran yang irelevan dengan topik awal.",Experience,Suggestion,NO,A1=Opinion; A2=Question. Adjudicated as Suggestion because the text contains a stronger cue for the primary function (Suggestion).
UgyrxKHfJZWUxZOz0HZ4AaABAg,qis44fqpuAU,TOP_LEVEL,"Keduanya, tapi baik ke masa depan atau masa lampau, aku cukup melihat apa yg terjadi dan segera kembali ke masa ku sesingkat mungkin, karena perubahan sedikit saja dapat sekiranya merubah timeline atau mungkin dpt menyebabkan paradox",Experience,Opinion,NO,A1=Opinion; A2=Question. Adjudicated as Opinion based on the dominant communicative function.
UgyZFkJ0zQfkYfA0eY94AaABAg.98XcEL-UCM198hdyae8eWa,21seK8tKSYI,UgyZFkJ0zQfkYfA0eY94AaABAg,"@ryannur1280 ya, sayakan cuma bantu jawab. Saya juga belum belajar ttg itu. 

Kn cuma ""kemungkinan"" ??",Experience,Question,NO,A1=Opinion; A2=Question. Adjudicated as Question because the text contains a stronger cue for the primary function (Question).
UgxreWQHS83PIyQAbr94AaABAg.9KmVaDYqIgw9Ob1NaOHRRW,H_5TPzquRyo,UgxreWQHS83PIyQAbr94AaABAg,"@Kamskiies wah gua gak pernah main tiktok sih, tapi menurut gua mereka itu kebanyakan lebih mendengarkan ustad daripada beneran baca surah",Experience,Experience,NO,A1=Disagreement; A2=Agreement. Adjudicated as Experience because the text contains a stronger cue for the primary function (Experience).
UgzCFVcq5hn26kEJvfd4AaABAg.9RzJ7zO62FA9XLIaNYCfkC,QK01ROEqJ1A,UgzCFVcq5hn26kEJvfd4AaABAg,"@susipudjiastuti8252 Anda menghina agama saya. 
Ngatain saya juga. 

Ngajak diskusi di zoom? 
Really? 
Wkwkwkw... Aneh juga",Experience,Disagreement,NO,A1=Disagreement; A2=Question. Adjudicated as Disagreement based on the dominant communicative function.
UgxJOwUNuLQCe_51S094AaABAg,T9ttUfGG7EE,TOP_LEVEL,Sumpah aku bingung mau percaya yg mana...,Experience,Opinion,NO,
UgzVgZLp6c5PVxM6Mt14AaABAg,qis44fqpuAU,TOP_LEVEL,Kalo ada mesin waktu aku pingin ke masa depan  dan masa lalu kerena pengen melihat Indonesia yang dulu Ama sekarang dimasa depan Ama masa lalu,Experience,Experience,NO,A1=Opinion; A2=Praise. Adjudicated as Experience because the text contains a stronger cue for the primary function (Experience).
UgzE0mEDA0JvstXyB4x4AaABAg,qis44fqpuAU,TOP_LEVEL,Gw blajar dulu di masa sekarang trus pergi ke masa lalu buar ngerubah prinsip pemikiran orang2 dulu yg masih suka di adu domba dan tidak suka dengan fakta yg ada,Experience,Experience,NO,A1=Experience; A2=Opinion. Adjudicated as Experience because the text contains a stronger cue for the primary function (Experience).
UgwxTaA3jKgqPvmOBU94AaABAg.9CmLYHf_Bft9DKrJjvQP5u,QK01ROEqJ1A,UgwxTaA3jKgqPvmOBU94AaABAg,"@bennyirawan2784 loh kalo manusia bisa sampai langit ke 5 seharunya udh bertemu Nabi"" lihat aj perjalanan isra mi'raj nabi Muhammad sampai langit ke 7, ilmu mu di naikkan dulu bro biar setara dengan saya",Experience,Experience,NO,A1=Disagreement; A2=Opinion. Adjudicated as Experience because the text contains a stronger cue for the primary function (Experience).
Ugxg6DMEi1m01iMRQ-Z4AaABAg,5Zi4qGpGop4,TOP_LEVEL,Aku pernah baca berita katanya ibukota Indonesia akan dipindahkan ke Samarinda apakah itu benar? Klo memang benar apakah kalian setuju?,Experience,Question,NO,
UgwkUFsQlIO4Wpb1DGF4AaABAg.9WXwx1IhRnG9ctS72HbISS,QK01ROEqJ1A,UgwkUFsQlIO4Wpb1DGF4AaABAg,"@melati7418 Orang2 yang mabok agama sering bertindak diluar logika dan akal sehat. 
Dongeng2 dan dogma2 agama itu sudah gak laku di zaman digital dan AI seperti sekarang ini.
Siapa yg gesit, innovative, dialah yg menguasai dunia, yg terlalu sibuk dengan fantasi alam surgawi alam langit biasanya cuma jadi konsumen, follower dan tergilas.",Experience,Question,NO,A1=Disagreement; A2=Question. Adjudicated as Question because the text contains a stronger cue for the primary function (Question).
Ugz-RzKE6bo3I0Qj-yt4AaABAg,T9ttUfGG7EE,TOP_LEVEL,bilang ke nasa kalo kita dari jaman dulu udh ke matahari duluan,Experience,Experience,NO,A1=Suggestion; A2=Opinion. Adjudicated as Experience because the text contains a stronger cue for the primary function (Experience).
UgzKLJgVvaID80uDv_14AaABAg,21seK8tKSYI,TOP_LEVEL,Sebelum anda menyimpulkan sebaiknya anda pahami dulu seperti apa bumi datar yg sesungguhnya,Experience,Suggestion,NO,A1=Suggestion; A2=Question. Adjudicated as Suggestion because the text contains a stronger cue for the primary function (Suggestion).
Ugxj0s-oLQZcgHzBdYB4AaABAg.9KjAJLSyU9e9OkLuqqrMYu,21seK8tKSYI,Ugxj0s-oLQZcgHzBdYB4AaABAg,"@chacaas1115 iya njir pusat Penelitian nya aja ada di Yt wkwkw. Padahal channel terjauh mereka cuman nyampe situ doang. Blom pernah mereka liat channel BBC earth, National geographic, CNBC. Nasib pembodohan global",Experience,Disagreement,NO,A1=Disagreement; A2=Experience. Adjudicated as Disagreement based on the dominant communicative function.
Ugg2Yx7TxfmelHgCoAEC,FjFsx6iQE3Y,TOP_LEVEL,"Gw pernah lohh malem2 liat ada bnyk lampu di langit terus bergerak gitu,jumlahnya bnyk bgt mungkin ada sekitar 30an lebih.
Apa itu pesawat Alien ya soalnya aneh aja gitu ada sesautu yg bergerak dan itu malem2 kejadiannya jg pas Terang Bulan, mereka jalannya ke arah bulan itu.",Experience,Experience,NO,A1=Experience; A2=Question. Adjudicated as Experience because the text contains a stronger cue for the primary function (Experience).
Ugz4bI22BSY57wThvwJ4AaABAg,qis44fqpuAU,TOP_LEVEL,Masa lalu : Membuat sesuatu yang susah dibuat di masa depan seperti proyek iphone dll....dan ide ide yang dulu belum pernah dipikirkan,Experience,Opinion,NO,A1=Opinion; A2=Experience. Adjudicated as Opinion based on the dominant communicative function.
Ugy8DHqd80vNFShN_Yh4AaABAg,qis44fqpuAU,TOP_LEVEL,masa lalu. karena aku akan menjadi pencari tulang dinosaurus,Experience,Experience,NO,A1=Experience; A2=Opinion. Adjudicated as Experience based on the dominant communicative function.
Ugw8Lb04NfHv6dOiJOF4AaABAg,qis44fqpuAU,TOP_LEVEL,"Gue pengen ke masa lalu, mau gue tolak mantan gue waktu nembak dulu wkwkwkwkw",Experience,Experience,NO,A1=Experience; A2=Opinion. Adjudicated as Experience because the text contains a stronger cue for the primary function (Experience).
Ugz-weguHLl-d96FAEJ4AaABAg,qis44fqpuAU,TOP_LEVEL,"Ke masa lalu, karena masa depan muncul karena adanya masa lalu. Ngak, ngak, canda doang. Pen ke masa lalu demi memperbaiki kesalahan yang pernah diperbuat.",Experience,Experience,NO,A1=Experience; A2=Disagreement. Adjudicated as Experience based on the dominant communicative function.
UgxLm1o03imHK-tkMFl4AaABAg,T9ttUfGG7EE,TOP_LEVEL,Gua blom pernah liat muka lo bang,Experience,Experience,NO,A1=Question; A2=Experience. Adjudicated as Experience because the text contains a stronger cue for the primary function (Experience).
UgyEEUhHADL8tTp2Fz54AaABAg.9PKcyYRHvhX9PKe4Cm1Vr1,jPyd0Xv5LfY,UgyEEUhHADL8tTp2Fz54AaABAg,Kalau aku habis naik sepeda??,Experience,Question,NO,
UgzZuHEuHkpTr1gzUCp4AaABAg.8eKeshg5cBo8ePC1qb8dCy,21seK8tKSYI,UgzZuHEuHkpTr1gzUCp4AaABAg,"Official Xsanz di videonya sudah cukup jelas sayang. Kalau kurang jelas berarti kamu belajar IPA atau fisikanya masih asal-asalan. Ini channel youtube untuk membagikan informasi bukan untuk mengajari kamu secara total. Kalau pengen belajar, bisa ke perpustakaan, lebih lengkap. Bisa cari jurnal-jurnal ilmiah, lebih detail. Walau aku gak yakin kamu bakal paham sih :(",Experience,Disagreement,NO,A1=Disagreement; A2=Opinion. Adjudicated as Disagreement based on the dominant communicative function.
UgxGP90HL3WB3lgRO3F4AaABAg.8rd2fLpm_1T8u_WvUJpek9,21seK8tKSYI,UgxGP90HL3WB3lgRO3F4AaABAg,"@noverdy bangsa lu sendiri udah pernah belum buktiin bumi itu kayak tahu bulat? Trus nunjukin posisi dimana air laut mulai terlihat melengkung dan pulau-pulau pada posisi membentuk lingkaran seperti tahu bulat?
Pelajaran bumi itu kayak tahu bulat berasal dari bangsa lain atau penemuan bangsa lu sendiri??",Experience,Question,NO,
Ugjh0kY7Bm7jL3gCoAEC,FjFsx6iQE3Y,TOP_LEVEL,"bukannya aku membandingkan ulasan ini dengan game spore, tetapi tahapan kita masih belum sepenuhnya kesana",Experience,Opinion,NO,
UgxEsOe86rKGxyMaXJt4AaABAg,qis44fqpuAU,TOP_LEVEL,"Kembali ke masa waktu aku bayi dan mengubah masa lalu dgn menerapkan hidup menabung di celengan waktu masih umur 2 thn-an dan akhirnya tahun 2020 saya bisa beli Galaxy Tab S6 ??


Tapi kyk nya g mungkin :')",Experience,Experience,NO,A1=Experience; A2=Question. Adjudicated as Experience because the text contains a stronger cue for the primary function (Experience).
UgzVEJPq4ZaLu6IDH614AaABAg,qis44fqpuAU,TOP_LEVEL,Zaman dulu tk,Experience,Experience,NO,A1=Experience; A2=Opinion. Adjudicated as Experience based on the dominant communicative function.
Ugj5ffijXrLPOXgCoAEC.8AfH7gZAA5d8Ag9AUcUSwM,H_5TPzquRyo,Ugj5ffijXrLPOXgCoAEC,"+Eno Bening whuala.. Penonton juga tau siapa yg lebih dewasa. jawaban siapa yg konkret dan yg kurang konkret. dulu gua ikut kompetisi debat tentang Biologi dan gua mendukung teori darwin karna teori itu bikin gua jadi juara. tapi, pas SMA guru sejarah gua (anak IPA biasanya juga belajar sedikit mapel sejarah) yang notabenenya beliau seorang Haji (emm.. agama gua gausah dipikirin). ga bisa jawab: 

bapak kan Haji nih pak, Bapak percaya teori darwin? | Yaiyalah | berarti Adam sama Hawa Monyet dong yah? | *beliau nyebut - Ya ngga lah.. Dosa kamu bilang Nabi saya Monyet.

nah disinilah kedewasaan berfikir dan menyampaikan bermulai. :D",Experience,Question,NO,A1=Experience; A2=Question. Adjudicated as Question because the text contains a stronger cue for the primary function (Question).
UgxDk_k3ueWXs4lUdet4AaABAg.9PKe3HqyNzk9PM-5Uxr-T2,jPyd0Xv5LfY,UgxDk_k3ueWXs4lUdet4AaABAg,"@bastomiaji2578 
Ngomong-ngomong soal struktur sepeda, lu pernah gak lihat bentuk sepeda jaman dulu banget yg roda depannya besar banget tapi roda belakangnya kecil?
Lalu posisi tempat duduk pengendara tepat di atas roda depan yg besar itu.
Itu gimana coba, strukturnya beda banget tuh, tapi tetap bisa seimbang kan kalau lagi bergerak?",Experience,Question,NO,
UgzroKJgIwpXdRe1LQR4AaABAg,jPyd0Xv5LfY,TOP_LEVEL,Aku bisa bikin sepeda ku jalan sendiri,Experience,Opinion,NO,
UgzpgqEtCyu5n-IMcrx4AaABAg.8eChvao0tsU9f7LAJQUlhl,21seK8tKSYI,UgzpgqEtCyu5n-IMcrx4AaABAg,@khair3451 kadang lucu liat orang sembarangan ngomong tapi gatau dan gamau cari tau dulu sebelum ngomong ??,Experience,Disagreement,NO,A1=Disagreement; A2=Question. Adjudicated as Disagreement based on the dominant communicative function.
UgyIGjkXpWcgA1VJNIx4AaABAg,H_5TPzquRyo,TOP_LEVEL,Ty telah menyelamat kan saya. Soalnya mama saya ngomel mulu karna main hp mulu terus aku tunjukin vidio ini jadi dia gak jadi marahin aku de,Experience,Experience,NO,A1=Experience; A2=Opinion. Adjudicated as Experience based on the dominant communicative function.
UgzwOgHQD-02glUV11d4AaABAg,Tx87wEaDtxo,TOP_LEVEL,Aku jarang melihat bintang?????? karena awan selalu menutupi bintang² itu,Experience,Experience,NO,A1=Experience; A2=Question. Adjudicated as Experience based on the dominant communicative function.
UgxXuGR3XMGoLA4aR0h4AaABAg,impJiSfof9E,TOP_LEVEL,Ada yg pernah liat under hole tidak ya yg biasa nya dibawa2 sama cewek itu? Belom pernah liat aku nok,Experience,Question,NO,
UgyVAs0xIk-DbO0SOpF4AaABAg.9KtO5OPkxgX9LxtPMrPNfo,QK01ROEqJ1A,UgyVAs0xIk-DbO0SOpF4AaABAg,"@mujahidinfiisabiilillah3830 woy kalau mau ceramah sana di masjid, saya ngak open ma yg kamu omongin, yg penting kamu ngak ganggu aku aku gak ganggu kamu, pantes yahudi benci dengan muslim yg model2nya kayak kau, wong kelakuan mu kayak gtu, kamu tau lakum dinukum walian, itu artinya kau jgn banyak bacot ngurusi agama lain paham! 
Saya malu punya saudara semuslim seperti anda",Experience,Disagreement,NO,A1=Disagreement; A2=Correction. Adjudicated as Disagreement based on the dominant communicative function.
UgykWnSmO_cAg4zpGF14AaABAg.A9WXQXZ99gRAA31RNH1YR2,21seK8tKSYI,UgykWnSmO_cAg4zpGF14AaABAg,"@kazehayakamito3690 btw, sudah pernah lihat videonya belum kalo benderanya gerak2 sendiri
 iya ga masalah bentuknyaL, tp benderanya gerak2 diruang hampa

.
Tau dari mana satelit muterin bumi?",Experience,Question,NO,
Ugyk5c78DmuI7mhTkF54AaABAg,QK01ROEqJ1A,TOP_LEVEL,"Saya pernah ke galaxy lain, dan galaxy lain itu sudah modern sekali dan saya nemui UFO disana,, tapi saya teleportasi lagi ke bumi utk mencari Indonesia yg sangat santuy",Experience,Experience,NO,
UgxSYQ1N5E58HwCL8zp4AaABAg,QK01ROEqJ1A,TOP_LEVEL,"Dan alam semesta yang sebesar itu hanyalah langit pertama. Nabi Muhammad sudah pernah jelaskan bahwa Langit pertama hanya seukuran cincin dibandingkan langit kedua yang seperti padang pasir, mungkin milyaran lebih besar dari  langit pertama. Dan begitu seterusnya dikuadratkan terus ukurannya sampai dengan langit ke tujuh. Bayangkan semua 7 langit itu hanya seperti debu di dalam ""telapak tangan"" nya Allah Sang Maha Besar. 

Bayangkan... manusia disuruh sholat 5 waktu aja malas-malasan, manusia tidak tahu betapa besar dan maha kuasa Tuhan yang ia sembah itu.",Experience,Question,NO,A1=Agreement; A2=Question. Adjudicated as Question because the text contains a stronger cue for the primary function (Question).
UgzPjoCfnG7eHmDBNk94AaABAg.94e1jRzyzKq98v16vfT8dK,QK01ROEqJ1A,UgzPjoCfnG7eHmDBNk94AaABAg,"Iya betul, guru aku juga nyetel itu dikelas :)",Experience,Agreement,NO,
UgxWvWx-PnfW38dwcnJ4AaABAg.8j7bLr6wnez8o5nczR3D6F,21seK8tKSYI,UgxWvWx-PnfW38dwcnJ4AaABAg,Sulthan Bahariawan wahai manusia tolol emang lu pernah ke antartika?  Dan lu ga bakal pernah bisa ke antartika tolo!!!  Karena semua negara uda setuju buat nyegel antartika,Experience,Agreement,NO,A1=Disagreement; A2=Question. Adjudicated as Agreement because the text contains a stronger cue for the primary function (Agreement).
UgxbpyhzYwhaWb6qpBR4AaABAg,21seK8tKSYI,TOP_LEVEL,"Bumi itu bulat. Coba, kalian lihat bola dari dekat. Dan tutup 1 mata kalian. Maka yg kalian lihat adalah datar. Apa berati bola itu datar??? Kan konyol. Mesti otak kalian bisa cerna. Atau kalau kurang yakin, bayangin aja kalian jadi kecil seperti kuman. Dan kalian berada di atas muka bola. Pasti yg kalian lihat datar. Apa berati bumi itu datar??? Kan konyol. Orang FE aku bantah pakai 1 kata",Experience,Suggestion,NO,A1=Correction; A2=Question. Adjudicated as Suggestion because the text contains a stronger cue for the primary function (Suggestion).
UgyvUG4ECUEWecZPVe94AaABAg,QK01ROEqJ1A,TOP_LEVEL,"Ciptaan allah emang luar biasa masyaallah
Rasanya aku ingin menangis??????????",Experience,Praise,NO,A1=Praise; A2=Question. Adjudicated as Praise because the text contains a stronger cue for the primary function (Praise).
UgxXCcQEq4gpUeiFRul4AaABAg,T8g_hUpx9VU,TOP_LEVEL,Min kenal Alwisusilo gak?,Question,Question,NO,
UgxCbSyJ4iNHXXfIqTl4AaABAg.8jSEtxC1fc08jUTIpfvKk8,qis44fqpuAU,UgxCbSyJ4iNHXXfIqTl4AaABAg,"Kok Bisa? Kalau bulan ada dua, apa yang bakal terjadi?",Question,Question,NO,
UghQGWFDk0-1tXgCoAEC,YljSXjd4lnk,TOP_LEVEL,atlantis dimana?????,Question,Question,NO,
UgyiYavcHqHwiYuSaTB4AaABAg,QK01ROEqJ1A,TOP_LEVEL,"Great job kok bisa? !!
Mata ku sampai berkeringat :"") saking semangatnya ??
Semoga kaka kaka dibalik layar sehat selalu. Terima kasih ??",Question,Question,NO,A1=Praise; A2=Question. Adjudicated as Question because the text contains a stronger cue for the primary function (Question).
Ugy8Eg4yF4Sgq8TNulx4AaABAg,21seK8tKSYI,TOP_LEVEL,Kulit manggis kini ada ekstraknya...   Ilmu sekarang ada buktinya  ( jawab teori FE pake logika bumi bulat ya kok g nyambung ) #guaberharaplebih  inikan buka chanel kok gitu..,Question,Question,NO,A1=Suggestion; A2=Opinion. Adjudicated as Question because the text contains a stronger cue for the primary function (Question).
UgzLmkpZe5re5ZET72t4AaABAg,YljSXjd4lnk,TOP_LEVEL,Kenapa bisa terjadi ejakulasi pada pria??,Question,Question,NO,
UgxzwIDdMXs5cFg8N5p4AaABAg,QK01ROEqJ1A,TOP_LEVEL,08:00 ada yg tau soundtracknya ?,Question,Question,NO,
UgzGEJLi5j2F0qLrnxx4AaABAg,QK01ROEqJ1A,TOP_LEVEL,"Gw seneng ada yg mau buat video ini, bisa dibilang menyelipkan tujuan  mengingatkan we are nothing to be compared with something existing in universe. But we are capable to think as much as we want. Thank you. Hanya aja sya juga jadi mau nanya, kalo sejauh itu dan selama itu waktu yg dibutuhkan untuk melewati galaksi, yang mana sampe melewati berapa triliyun tahun cahaya, lalu data ini ngambil darimana ? Siapa yg buat data ini dan berapa lama waktu yg dibutuhkan untuk mengambil data ini?",Question,Question,NO,
UgzISvUE0-XkGvF0sah4AaABAg,twXOQyxZWxY,TOP_LEVEL,Min bagaimana sih benua benua bisa terbentuk,Question,Question,NO,
UgxqzO3ONjbTEy9eQ-h4AaABAg.9HrjNGzjSE39aqBtnc4TIY,21seK8tKSYI,UgxqzO3ONjbTEy9eQ-h4AaABAg,"Admin NGACOK. Siapa yang bisa buktiin orang bisa keluar bumi? Siapa?
NASA HAHAHAH nasa itu tipu tipu, cuma efek ? Kalau cuma efek gitu mah anak smp paki green skin aja bisa?
Udhlah? STOP PERCAYA NASA??
mereka cuma TIPU TIPU BISA KELUAR BUMI..

HANYA ORANG BODO YANG PERCAYA NASA?",Question,Question,NO,A1=Disagreement; A2=Question. Adjudicated as Question because the text contains a stronger cue for the primary function (Question).
UgiNvBYDW90KengCoAEC,FMNRItiR6ZA,TOP_LEVEL,Bagaimana terjadinya salju? #kokbisa,Question,Question,NO,
UgzjoQsZ9IAuPSuL2pF4AaABAg,0QCq6GPY8kQ,TOP_LEVEL,"Min, gimana sejarahnya matematika ada rumus rumus yang ribet ?",Question,Question,NO,
Uggymk6gBbdIsngCoAEC,iyJeozHhvJI,TOP_LEVEL,knp materai harganya beda?,Question,Question,NO,
UgzkVLNLQa73QKLcPRd4AaABAg,QK01ROEqJ1A,TOP_LEVEL,Masalahnya siapa yang memprediksikan itu semua ??,Question,Question,NO,
UghGbYpQ8U6U3HgCoAEC,iq0yOkj3d28,TOP_LEVEL,"kenapa kalo temen sebelah kita nguap , kita kadang juga suka ikut nguap?",Question,Question,NO,
Ugi-feB_p6OCWngCoAEC,H_5TPzquRyo,TOP_LEVEL,kenapa bentuk bintang kaya gini ?? padahal bentuk bintang kan bulat seperti matahari?,Question,Question,NO,
UgxioXVKG6fLaEjbpxx4AaABAg,impJiSfof9E,TOP_LEVEL,Kak aku mau nanya apakah benar jika kita sudah tua kita akan jadi pelupa,Question,Question,NO,
UgwNvxTlVkzmxwVAYvt4AaABAg,RBFhyVux3IE,TOP_LEVEL,ka kenapa kalo menyeduh harus pake air panas ?,Question,Question,NO,
UgzPjatEpo_REnyg1Od4AaABAg.8e7ZjRnV16u8hTaWoYBIwf,21seK8tKSYI,UgzPjatEpo_REnyg1Od4AaABAg,Kok bisa kenapah sih suka ada baso mulu apa abang ya yang suka baso,Question,Question,NO,
UghIPW4lMvYI73gCoAEC.8Hly7JNruyx8iajw965ji-,eXml_nlmPoE,UghIPW4lMvYI73gCoAEC,eSportkid percaya kok amaa yutub,Question,Question,NO,A1=Agreement; A2=Opinion. Adjudicated as Question because the text contains a stronger cue for the primary function (Question).
UgwbKr3Ht0kMXUft0Dp4AaABAg,T9ttUfGG7EE,TOP_LEVEL,Menurut kalian di bulan ada gravitasi ga? Kenapa para astronot bisa melayang di bulan? Kalau ada yg paham pengaruh pasang pasang surut saat bulan purnama dan bulan mati pasti teori ini sangat membingungkan,Question,Question,NO,
UgwLACrCyUcALtVDNsd4AaABAg,impJiSfof9E,TOP_LEVEL,"Pertanyaanku black hole tu bergerak , berpindah ato cuma diem di tempat????
Nggak kebayang klok sampai pindah ke galaksi ini....??",Question,Question,NO,
UghrwhQyZTJYB3gCoAEC,YljSXjd4lnk,TOP_LEVEL,Kenapa Anak-anak senang main Game ?,Question,Question,NO,
UgwR_ErUA4RzQgHOppR4AaABAg,QK01ROEqJ1A,TOP_LEVEL,4:00 ada kok yang lebih cepat dari cahaya yaitu Patrick star ????,Question,Question,NO,A1=Opinion; A2=Question. Adjudicated as Question because the text contains a stronger cue for the primary function (Question).
Ugwdh386CTgGqu2BzSx4AaABAg,5Zi4qGpGop4,TOP_LEVEL,Min. Knp kalo kita diluar mobil dilihat cepat kalo didlm mobil knp jd lambat??,Question,Question,NO,
UgyH5zuIntZBh7jAQ154AaABAg,dghOCZmSEUQ,TOP_LEVEL,"Berman faat banget
Btw kenapa lama gak apload?",Question,Question,NO,A1=Praise; A2=Question. Adjudicated as Question because the text contains a stronger cue for the primary function (Question).
UgxyWG9m6l4Z7hmse9R4AaABAg,impJiSfof9E,TOP_LEVEL,"Mau Nanya Dong

Kenapa Benda Bisa Berubah Warna Karena Terbakar?",Question,Question,NO,
Ugz23PzOHh894WxjnTp4AaABAg,T9ttUfGG7EE,TOP_LEVEL,Cuma knp sih d google ga ada foto real bumi dan ribuan satelit?,Question,Question,NO,
UgxaBoaOgXYewm9u2FJ4AaABAg,0QCq6GPY8kQ,TOP_LEVEL,bang kenapa kita bisa kepedesan,Question,Question,NO,
Ugy_zE_UhPMfSogFBsZ4AaABAg.8zvrWm_-tSU9-DqtW9wR8Z,QK01ROEqJ1A,Ugy_zE_UhPMfSogFBsZ4AaABAg,"@DarkloveGaming maksud lo ?
Di keyakinan gue, Tuhan menciptakan langit, bumi dan segala isinya.
Kalau pendapat kita beda, berarti keyakinan kita juga berbeda bro.",Question,Disagreement,NO,A1=Disagreement; A2=Question. Adjudicated as Disagreement based on the dominant communicative function.
UgzbDDWjc-5dESik1ux4AaABAg.97ZFMHgozVe9wB1_uSZZiQ,iq0yOkj3d28,UgzbDDWjc-5dESik1ux4AaABAg,"Dalam Alquran tidak ada yg menyebutkan Bumi Bulat, ada juga bumi itu hamparan, mengapa sebagian  para ulama menafsirkan bumi itu bulat,
Q.S Attholaq 65 langit mempunyai 7 lapis dan bumi pun serupa dengan dengan langit, banyak Ayat didalam AlQuran yg menerangkan matahari mengelilingi berjalan mengitari bumi mengapa sebagian ulama percaya bumi mengelilingi matahari",Question,Question,NO,A1=Disagreement; A2=Question. Adjudicated as Question because the text contains a stronger cue for the primary function (Question).
UgwW0PEFBeWaCIDYKEF4AaABAg,21seK8tKSYI,TOP_LEVEL,"Tadi bilang bulat. Lingkaran kok di layar.lingkaran itu bangun datar = datar / flat. #flatearth
.
.
.
.
.
.
Just kidding! Aku percaya bumi bulat kok :p",Question,Opinion,NO,
Ugy8siygSNimk3zqJxZ4AaABAg.97c3qnS-Rtl9LdTKHsq9LY,H_5TPzquRyo,Ugy8siygSNimk3zqJxZ4AaABAg,@taubat5255 metode pembuktianya pake simulasi apa real ? kalau simulasi tetap teori. blum bnar bnar terbukti. :),Question,Disagreement,NO,A1=Disagreement; A2=Question. Adjudicated as Disagreement based on the dominant communicative function.
UgzKTFI45fzUcDV6go94AaABAg,QK01ROEqJ1A,TOP_LEVEL,"Bang kenapa klo dari bumi, langit yg ada matahari bulan sama planet2nya warnanya biru? tapi pas nasa ke luar angkasa jadinya item?",Question,Question,NO,
Ugzd0BIZzKBZs2twMCJ4AaABAg.983RpBGftgt99bfCJ36lWS,21seK8tKSYI,Ugzd0BIZzKBZs2twMCJ4AaABAg,Menurut pendapat FE gravitasi itu gak ada isac newron itu peniru yang benar adalah archimedes dengan teorinya yaitu massa jenis mereka menyangka gravitasi dan massa jenis tidak sehalan gravitasi salah dan massa jenis benar mengapa bisa ada massa jenis kalau gravitasi  tidak ada? Tetap gravitasi tidak bertentangan dengan teori massa jenis bahkan mereka saling mendukung tanpa gravitasi mustahil massa jenis bisa ada buktinya seorang astronot melakukan uji coba pada tempat yang gravitasinya nol dan airnya melayang layang di udara mengapa bisa begitu karena massa jenis air lebih berat dari udara jawabannya karena tidak ada gravitasi artinya massa jenis tidak berlaku di ruang angkasa karena tidak ada gravitasi berarti teori ini sejalan mereka juga mengatakan bahwa semua ini tertarik karena adanya medan magnet dibumi bukankah magnet hanya menarik beberapa benda saja kita kembali ke massa jenis bukankah semua benda berat atau ringan disebabkan oleh gravitasi bagaimana dengan balon udara yang melayang karena massa yang terkandung dlam balon alias helium meiliki massa yang lebih ringan dibandungkan udara karena udara juga memiliki massa dan itulah yang menyebab udara dan zat zat lainnya masih ada dibumi udara tertarik gravitasi sehingga yang lebih ringan dapat melayang namun FE membawakan materi dalam bahasa yang seakan akan teori mereka bertentangan namun kenyataan tidak gravitasi memang ada dan terbukti ada bukti menarik FE mengatakan bahwa pusat energi gaya tarik ada di kutub utara semakit ke kutub semakin kuat semakin mengarah ke antartika semakin kecil jelas ini bisa dibantah maka air laut akan terkumpul di daerah di kutub utara namun daerah katulistiwa sampai antartika menjadi daratan tapi buktinya air di bumi ini tetap normal ada pula bantahan yang bisa dibantah yaitu tanggapan FE mengenai ilusi yang dilakukan oleh nasa mereka mengatakan video yang menunjukan orang2 melayang di luar angkasa adalah manipulasi mereka menggunakan greenscreen dan pesawat yang jatuh ke bawah maka seluruh isi oesawat mengalaimi gravitasi 0 green screen biasa dipakai untuk oembuatan film greenscreen biasa dipakai untuk film kebanyakan video yang disampaikan adalah video behind the scene flat earth juga mengatakan manusia melayang menggunakan tali lalu bagaimana nasa bisa mengikat air ? :) Sehingga bisa melayang selanjutnya mengenai oesawat ya itu bisa dilakukan namun sangat jelas perbedaannya bila kita melakukan experimen tersebut barang2 di dalan pesawat berhamburan memang melayang tetaoi melayang dengan tidak stabil dan bandingkan dengan video oleh nasa lagipula bila menggunakan pesawat yang menukik itu hanya bisa dilakukan 1 menit lantas nasa membuat video berjam jam tanpa cutting dari stasiun luar angkasa,Question,Correction,NO,A1=Disagreement; A2=Question. Adjudicated as Correction because the text contains a stronger cue for the primary function (Correction).
Ugh1hmzBHo-stHgCoAEC,PEbhbW4rgy4,TOP_LEVEL,min kalau d dunia ini ngak ad namany olahraga apa yang akan trjadi?,Question,Question,NO,
UghXkSVTf1nbaXgCoAEC,iq0yOkj3d28,TOP_LEVEL,bisakah humandroid pintar dan setara dengan manusia dibuat?,Question,Question,NO,
Ugx85uFUixLqE0WCHgR4AaABAg,FMNRItiR6ZA,TOP_LEVEL,Min saya mau nanya kenapa kapal bisa terapung. kapal kan berat dijawabya,Question,Question,NO,
UghBLhH5Z9EtrngCoAEC,JRJ1ngbUe6A,TOP_LEVEL,"kok bisa yah ibu2 sebagian besar teledor bawa motor,  belok kiri sen kanan lah,  jalan pelan di tengah lah dan lain lain wkwk",Question,Opinion,NO,
UgxhJv6k9ejowqyQQ0d4AaABAg.988V61-S4bw98D8_h_8-TQ,21seK8tKSYI,UgxhJv6k9ejowqyQQ0d4AaABAg,"Ehhhh ngomong ngomong gwe boleh nanya nggak? Kenapa ya di kutub utara kadang kadang malam bisa sampe berminggu minggu lamanya truss klo udh siang bisa berminggu minggu lamanya juga , kenapa bisa gitu yaa? Kutub selatan juga sihh tapi katanya tempatnya nggak boleh ditinggalin jadi kutub utara aja dehh , tolong yaa dijawab baik baik dan lemah lembut.",Question,Question,NO,
UgyiIiJZpnRRna3K-t54AaABAg,NVDIHTGVcLc,TOP_LEVEL,Kenapa sampai skrg gw masih jomblo,Question,Question,YES,Marked off-topic because the comment is clearly unrelated to the substantive video discussion.
UgztCRt5aiZk1BCDA_J4AaABAg,JRJ1ngbUe6A,TOP_LEVEL,"Kak, gimana bisa kita juga ikut menguap karna habis liat orang di depan kita/ lawan bicara menguap? Apa ngantuk itu bisa ditularkan ya?",Question,Question,NO,
UgwLIY2AJKbvTmP2JEl4AaABAg,QK01ROEqJ1A,TOP_LEVEL,Bang kok manusia tau  galaksi galaksi trus yg paling jauh manusia kok tau,Question,Question,NO,A1=Question; A2=Opinion. Adjudicated as Question because the text contains a stronger cue for the primary function (Question).
UgzGpZAlAMmm0UE05c54AaABAg,twXOQyxZWxY,TOP_LEVEL,Kok jadi keinget main minecraft sampe ke langit...,Question,Opinion,NO,
UgzR266zGx_K_HVpVPN4AaABAg,T9ttUfGG7EE,TOP_LEVEL,Bang..kenapa bakso bulad?,Question,Question,NO,
Ugg3obNJfm8amHgCoAEC,eXml_nlmPoE,TOP_LEVEL,kenapa kita tidur,Question,Question,NO,
UggEjPlhoUjloHgCoAEC,Tx87wEaDtxo,TOP_LEVEL,kenapa indonesia banyak orang korupsi?,Question,Question,NO,
UgxjPv8r7OYAonc8-Yl4AaABAg,iq0yOkj3d28,TOP_LEVEL,"Min,kenapa api yg berwarna biru lebih panas?",Question,Question,NO,
UggOPkCagrV-X3gCoAEC,H_5TPzquRyo,TOP_LEVEL,knp indonesia itu dijajah ?,Question,Question,NO,
UgwjPowlwCH4tBEWHS94AaABAg,T9ttUfGG7EE,TOP_LEVEL,"Ilmu fisika apa yg dpt menjelaskan kenapa dalam membuat beberapa es batu yg satu membekunya cepet,yg lainnya kdng membeku dg lambat,padahal dimasukin ke freezer dalam wktu bersamaan? Saya sering kepikiran, kdng es batu yg lebih dulu membeku di bagian tumpukan atas, kdng dibagian bawah.",Question,Question,NO,
UgxuJFEVbOWx4LFnBQJ4AaABAg,AxyPASIXz1k,TOP_LEVEL,Apakah ada yang lebih besar dari alam semesta?,Question,Question,NO,
UgirC2Z9D3D2gXgCoAEC,FMNRItiR6ZA,TOP_LEVEL,"Min, kalau mau jadi tim kokbisa boleh tidak ? atau hanya anda bertiga saja ?",Question,Question,NO,
UggRQOKS7SX4o3gCoAEC,PEbhbW4rgy4,TOP_LEVEL,"Min,apa yang terjadi kalo matahari lenyap??",Question,Question,NO,
Ugxei7WQkua8QkX7TQB4AaABAg,QK01ROEqJ1A,TOP_LEVEL,mungkinkah manusia bisa menemukan mahluk hidup  di luar galaksi.....?,Question,Question,NO,
UgzlaLGOyMgOad4__ex4AaABAg,iyJeozHhvJI,TOP_LEVEL,"Min apa yang terjadi kalau tiba"" matahari lenyap?",Question,Question,NO,
UgwSDJealt-ptjM_LwN4AaABAg,dghOCZmSEUQ,TOP_LEVEL,Kenapa SMU sudah gak ada lagi dibeberapa tempat?,Question,Question,NO,
UgxksLMbNYhxeKPx7UR4AaABAg.93_87Cq2l-B95AlUEsEbWp,QK01ROEqJ1A,UgxksLMbNYhxeKPx7UR4AaABAg,@MRickPrtma gw tanya sebelum tahun 1 ada manusia lain? Emg gugel tuhan lu emang yang ciptain alam semesta bapak lu,Question,Disagreement,NO,A1=Disagreement; A2=Question. Adjudicated as Disagreement based on the dominant communicative function.
UgyVNuphvkBlihAbpTN4AaABAg.9Ahw1wYP3cW9D-tgt4TL_c,21seK8tKSYI,UgyVNuphvkBlihAbpTN4AaABAg,Lu lulus SD gak sih?,Question,Disagreement,NO,A1=Disagreement; A2=Question. Adjudicated as Disagreement based on the dominant communicative function.
UgxB1ByDSbAOk8aQYxp4AaABAg.9Ze5Z78eXg_9gqrqducQDY,H_5TPzquRyo,UgxB1ByDSbAOk8aQYxp4AaABAg,@dydot maksudnya beda kategori gmn ya?..??,Question,Question,NO,
UgwRvJWVJAh6Kj9Y6ft4AaABAg,21seK8tKSYI,TOP_LEVEL,1:09 suara vacum skill dari dark seer? wkwkwkwk,Question,Opinion,NO,A1=Opinion; A2=Question. Adjudicated as Opinion based on the dominant communicative function.
UgyihprADLwhuOkj8qt4AaABAg.8j-p1Sp_bzf8j3ZldNGuCA,T9ttUfGG7EE,UgyihprADLwhuOkj8qt4AaABAg,"Nah lo jangan sok sokan deh 
Pmikiran mu mungkin gak bisa nerima SAINS ya",Suggestion,Disagreement,NO,A1=Disagreement; A2=Suggestion. Adjudicated as Disagreement based on the dominant communicative function.
Ugx8CqK1-VXWVidjecV4AaABAg.8jUp7s4ZDH-8jYmtuwEhPI,qis44fqpuAU,Ugx8CqK1-VXWVidjecV4AaABAg,"Untuk lu "" coba saat kamu igin kencing, kamu kencing nya jongkok jangan berdiri
Terus liat pas mau buang air besar keluar apa nggak

#KARENA kemungkinan kalau pipis sambil berdiri itu masih ketahan di dalam,
Ini  ada ulama yang mengatakan dari ajaran islam makanya, kalau  yang islam pipis nya harus jongkok supaya terbuang semua",Suggestion,Suggestion,NO,A1=Suggestion; A2=Question. Adjudicated as Suggestion because the text contains a stronger cue for the primary function (Suggestion).
Ugy4wa5kzx98LeA5f6d4AaABAg.9GCbL-ZbtDmA3W7K8IRSWt,21seK8tKSYI,Ugy4wa5kzx98LeA5f6d4AaABAg,"?@MerahPutih14lah coba kutanya, kalo gerhana hanya terjadi di bumi datar, bagaimana terjadinya gerhana matahari di bumi datar? Padahal di bumi datar matahari dan bulan itu lokasinya berseberangan mana mungkin tiba-tiba bisa searah begitu? Kalo gerhana matahari bisa bagaimana nasib bumi di sisi lain yang tanpa bulan dan matahari?",Suggestion,Question,NO,
Ugyi8Yjvc_unMf9NBpd4AaABAg,t5SaFgSaM_M,TOP_LEVEL,1:15 jawaban soal itu mungkin koro sensei,Suggestion,Opinion,NO,
UgzwAVGHTgsBT30NDnB4AaABAg,FjFsx6iQE3Y,TOP_LEVEL,Mungkin karena mereka lagi cari power sphera ^-^,Suggestion,Opinion,NO,
UgzB8YR4I8dp2ojqWXp4AaABAg.8f3FUatAnWf8jiwZ_EuPgC,21seK8tKSYI,UgzB8YR4I8dp2ojqWXp4AaABAg,Sefri Andi coba buktiin bumi bulat,Suggestion,Suggestion,NO,
Ugi7c6R0YGNcN3gCoAEC,YljSXjd4lnk,TOP_LEVEL,"Halo Admin, saya senang karena sudah mulai membahas engineering. Sebagai saran tolong juga disentuh berikut secara berkelanjutan:
1. Proses Konstruksi Jembatan.
2. Proses Konstruksi Kapal.
3. Infrastruktur Migas.
4. Infrastruktur Mass Transport.
5. Manufaktur.
dan selanjutnya masih banyak Min. Supaya masyarakat dapat gambaran umum tentang teknik yang mudah dimengerti, mengingat minimnya paparan yang menggunakan Bahasa Indonesia. Harapan saya kreativitas bangsa bisa terpacu sehingga tidak melulu mempertanyakan hal yang kurang bermanfaat. thks",Suggestion,Suggestion,NO,A1=Suggestion; A2=Praise. Adjudicated as Suggestion because the text contains a stronger cue for the primary function (Suggestion).
Ugwxy2nFBTG7NYpzWFR4AaABAg,jPyd0Xv5LfY,TOP_LEVEL,Mungkin Jawaban sebenarnya adalah kawan-kawan yang kita temukan sepanjang jalan.....,Suggestion,Opinion,NO,A1=Opinion; A2=Correction. Adjudicated as Opinion based on the dominant communicative function.
UggUuXSimKR3OngCoAEC.8HCYF3-MGgc8HmEj5Wy7W_,FjFsx6iQE3Y,UggUuXSimKR3OngCoAEC,+Franky Sambuaga coba ulang menit ke 01:29 bro,Suggestion,Suggestion,NO,
UgzeR1HL9RiKXyT_9ll4AaABAg,QK01ROEqJ1A,TOP_LEVEL,Gua mikir mungkin diluar sana ada kehidupan lain disuatu planet.secara kan galaxi bimasakti aja ada jutaan planet apalagi klo diluar galaxi kita ada milyaran planet.,Suggestion,Opinion,NO,
UgyM5pb3YJLE0Yz7PfN4AaABAg,QK01ROEqJ1A,TOP_LEVEL,Mungkin disana juga ada manusia seperti kita dan ada banyak planet seperti bumi yang 100% bisa ditinggali . Mungkin hahaha,Suggestion,Opinion,NO,
UghSG2hsOjW2G3gCoAEC,NVDIHTGVcLc,TOP_LEVEL,coba ada evelato ankasa kalo naik bertahun tahun???????,Suggestion,Question,NO,
Ugx_WScmJ8S7_tO4z954AaABAg,QK01ROEqJ1A,TOP_LEVEL,gw rasa gk mungkin cuma planet kita yang berpenghuni,Suggestion,Opinion,NO,
UgwptyXJw_nOg75Kkn14AaABAg,QK01ROEqJ1A,TOP_LEVEL,Mungkin di alam semesta ini masih belum sampai ke langit ke 1 (?) Dan setiap langit ada gerbang dan penjaganya.,Suggestion,Opinion,NO,A1=Opinion; A2=Question. Adjudicated as Opinion based on the dominant communicative function.
Ugy3p0gagaKmKQ2XnfF4AaABAg,T9ttUfGG7EE,TOP_LEVEL,"Klo dri sisi logika ya memang gak mungkin astronot mendarat dibulan.. klo robot mungkin masih percaya buat ngerekam.. 
Paling enggak harus ada dua roket buat pulang pergi.. masalahnya gak bakal bisa balik ke bumi klo bakar buat balik gak ada.. ??",Suggestion,Disagreement,NO,A1=Disagreement; A2=Question. Adjudicated as Disagreement based on the dominant communicative function.
UgyRYf0OSiFNy0SopIV4AaABAg,21seK8tKSYI,TOP_LEVEL,Coba lu dari indo ke jerman dari kanan atau dari kiri selalu dateng di jerman kan,Suggestion,Suggestion,NO,A1=Opinion; A2=Suggestion. Adjudicated as Suggestion because the text contains a stronger cue for the primary function (Suggestion).
UgylKXK23tD9zdgbPJR4AaABAg.8fRNFf1WkP_8iK-p-5jI3x,21seK8tKSYI,UgylKXK23tD9zdgbPJR4AaABAg,Andi Tarigan mungkin mereka berjalan ketepian makanya jatuh. Wkwk,Suggestion,Opinion,NO,A1=Opinion; A2=Suggestion. Adjudicated as Opinion based on the dominant communicative function.
UgzY9iL81xnNcq40XOF4AaABAg.AR76fq8dfG3AVkuMFIe_Y4,QK01ROEqJ1A,UgzY9iL81xnNcq40XOF4AaABAg,10 tahun lebih mungkin,Suggestion,Opinion,NO,
Ugzmms1wHh70ULcOC8p4AaABAg,AxyPASIXz1k,TOP_LEVEL,Request  pengisi suaranya dong... Tampil sekali2,Suggestion,Suggestion,NO,A1=Suggestion; A2=Opinion. Adjudicated as Suggestion based on the dominant communicative function.
UgzGrsttLxgC23CkN0R4AaABAg,qis44fqpuAU,TOP_LEVEL,"Kalau bicara soal Paradox. Mungkin lebih baik ke MASA DEPAN, kalau ke masa lalu bisa terjadi 'tabrakan' dengan masa sekarang ini. Ke Masa depan tujuannya utk mengambil manfaat ""ada apa di depan sana?"" Kemudian di bawa kemasa sekarang ilmu yang didapat tadi untuk kepentingan diri sendiri atau banyak orang",Suggestion,Suggestion,NO,A1=Opinion; A2=Question. Adjudicated as Suggestion because the text contains a stronger cue for the primary function (Suggestion).
UgzT5APcBVp1mPJUZsd4AaABAg,QK01ROEqJ1A,TOP_LEVEL,"Apa mungkin bila kita mati di bumi, nantinya pindah ke alam semesta yang lain ?? ????",Suggestion,Question,NO,
Ugwg12UoDjvzEgsaFvZ4AaABAg.8krIc-RfyrR8krKHheKhF1,YxgOhIQJX3Q,Ugwg12UoDjvzEgsaFvZ4AaABAg,"@COVER1789 minta tolong, apa judul lagu di ending video ini 2:49???",Suggestion,Question,YES,Marked off-topic because the comment is clearly unrelated to the substantive video discussion.
UgwNa9PTe0psPG8HMrt4AaABAg,iyJeozHhvJI,TOP_LEVEL,Penyebab Itu mungkin dikarenakan koro sensei kalau bulan sempat hancur,Suggestion,Opinion,NO,
UgwGZRfjmS-F-8uvA7R4AaABAg.8zY78j7t85B964f83mHBLN,QK01ROEqJ1A,UgwGZRfjmS-F-8uvA7R4AaABAg,ymz ymz coba kau bawak kesini ayat yg menjelaskan dibible kalo yesus itu Tuhan,Suggestion,Suggestion,NO,A1=Question; A2=Suggestion. Adjudicated as Suggestion because the text contains a stronger cue for the primary function (Suggestion).
Ugy5kHnX-DwuhijB6-94AaABAg,QK01ROEqJ1A,TOP_LEVEL,"Apa bner bang,diatas langit masih ada langit.? Coba terangkan.. ????????",Suggestion,Question,NO,
UgwRSILN9Ha4E4Z_dSt4AaABAg,FjFsx6iQE3Y,TOP_LEVEL,"Jika kehidupan ini masih sangat lama, mungkin sains mampu mendeteksi hantu yang nanti nya kita akan bisa melihat hantu dengan alat semacam gogle glass. Dan terbuktilah alien2 itu hanya lah hantu.",Suggestion,Opinion,NO,
UgzFbBFs8Va9umGs5jV4AaABAg.8za0CobGJ0j8zcOPp2DIca,21seK8tKSYI,UgzFbBFs8Va9umGs5jV4AaABAg,"Kalo mintanya yang secara ilmiah ga mungkin terjadi, ya ga papa dong bahas FE.",Suggestion,Opinion,NO,A1=Opinion; A2=Question. Adjudicated as Opinion based on the dominant communicative function.
UgirdmRsMdM1aHgCoAEC,FjFsx6iQE3Y,TOP_LEVEL,mungkin mereka sudah masa depan,Suggestion,Opinion,NO,
UgzHTCGURFjOt4oxn_p4AaABAg.8WtLOiDBYvn8WtZvxZPwAA,zbSe0xE7tg0,UgzHTCGURFjOt4oxn_p4AaABAg,"simpel. karna gas yang memantul panas (CO2) lebih berat dari udara. coba lu tiup balon pake nafas lu, gak terbangkan balonnya? karna CO2 lebih berat dari udara maka dataran rendah lebih banyak mengandung CO2 makanya lebih panas.",Suggestion,Suggestion,NO,A1=Correction; A2=Question. Adjudicated as Suggestion because the text contains a stronger cue for the primary function (Suggestion).
Ugj6GQ1FbaIGGHgCoAEC,NVDIHTGVcLc,TOP_LEVEL,orbital elevator. mungkin inovator juga akan segera muncul..,Suggestion,Suggestion,NO,A1=Suggestion; A2=Opinion. Adjudicated as Suggestion based on the dominant communicative function.
Ugw8K6ibCr8uKFmup294AaABAg,t5SaFgSaM_M,TOP_LEVEL,Mungkin yg dimaksud adalah Dukhan..,Suggestion,Opinion,NO,
UggCzI8xzqJ4XngCoAEC.8893NEFqc_m88DOBAfEslh,FjFsx6iQE3Y,UggCzI8xzqJ4XngCoAEC,Karena alam semesta terlalu luas + alien (sebagian) tak memiliki kecerdasan + (mungkin) insting menghancurkan diri sendiri + kehidupan jarang,Suggestion,Opinion,NO,
UgyhIvLbyUPEH0-fsWZ4AaABAg.9EAIawQT_2L9Gu5BseQ52H,QK01ROEqJ1A,UgyhIvLbyUPEH0-fsWZ4AaABAg,"Yang minim wawasan itu anda menurut saya, karena cara berfikir anda itu masih terlalu rendah, coba kalau berfikir itu yg bijak dan rasional",Suggestion,Suggestion,NO,A1=Disagreement; A2=Suggestion. Adjudicated as Suggestion because the text contains a stronger cue for the primary function (Suggestion).
Ugzl5A1KxurwjVmE6yt4AaABAg.8yKqMvnO0P88yYjqqLSqsb,5Zi4qGpGop4,Ugzl5A1KxurwjVmE6yt4AaABAg,"Coba lompat dari kereta yang berjalan gimana kyk ngikut kan
Nah itu Ama gue dah dijelaskan",Suggestion,Question,NO,
Ugy1pH06zB0qrdJkO994AaABAg,T9ttUfGG7EE,TOP_LEVEL,Mungkin nggak sih manusia dapat menghuni planet mars?,Suggestion,Question,NO,
Ugy74FGmNFwEEKEGhpJ4AaABAg,qis44fqpuAU,TOP_LEVEL,"Kalau menurut saya sih beda2 ya, misal kita ke masa lalu itu hanya bisa melihat dan tak bisa mengubah apapun, maka tujuan dr bbrp orng juga berbeda.
Mungkin ada yg ingin kembali ke masa lalu untuk melihat orang tuanya yg telah tiada untuk mengobati rindu barangkali. 
Ada yg kepo dg ilmu pengetahuan ya pergi ke zaman tsbt, ada yg kepo dg sejarah ya mereka pergi kesana dsb. 
Kalau saya pribadi ingin sebentar saja bertemu ayah saya, lalu menghafal kan raut wajahnya 100% , jadi kalau rindu tidak sedih lagi :) tidak apa-apa tidak berbicara, melihat saja lebih dr cukup. 
Namun jika kita bisa kembali ke masa lalu dan mengubahnya, semua hal tentu akan jadi paradoks. Memperbaiki kesalahan ? Menyelamatkan? Apa gunanya?",Suggestion,Opinion,NO,A1=Opinion; A2=Question. Adjudicated as Opinion based on the dominant communicative function.
Ugwz-Jj3j4-7_ZePFqt4AaABAg,twXOQyxZWxY,TOP_LEVEL,Mungkin gk jika ada gedung pencakar langit yang tingginya bisa sampai ke bulan? ??,Suggestion,Question,NO,
UghmhQptdMCahXgCoAEC.8Fao3cNZ1fC8FipJBx_e7j,NVDIHTGVcLc,UghmhQptdMCahXgCoAEC,"+Jack Sparrow dr komen agan di atas. saya rasa penggetahuan agan ttg konsep agama cukup tinggi. coba tolong klo agan tidak suka suatu aliran jangan di sebar, cukup di simpan sebagai opini pribadi saja. menebar kebencian tidak akan memperbaiki apa"",
saya non muslim, tp saya menghormati semua orang selama org itu pantas di hormati. bukan atas dasar sara.",Suggestion,Suggestion,NO,
Ugh3Zm1CxtnlxngCoAEC.8Cb9vbHr4sO8Cwo-v6PJvx,PEbhbW4rgy4,Ugh3Zm1CxtnlxngCoAEC,"karena lintasan revolusinya di tata surya beda sendiri, planet yg lain kan bulat lintasannya, sementara dia lonjong, mirip komet. ada beberapa alasan lainnya, tp saya lupa. coba cek google",Suggestion,Suggestion,NO,A1=Opinion; A2=Question. Adjudicated as Suggestion because the text contains a stronger cue for the primary function (Suggestion).
UgxPguwsogub2DrqkA94AaABAg.9J_vX_XQin_9JcNT1uxEhf,T8g_hUpx9VU,UgxPguwsogub2DrqkA94AaABAg,"melalui perhitungan dan perkiraan yang rumit, mungkin",Suggestion,Opinion,NO,
Ugxvr_j6Uwy4XPmdt7J4AaABAg,jPyd0Xv5LfY,TOP_LEVEL,"Mungkin kalo roda berjalan terus tanpa henti rodanya jadi seimbang




Kayaknya",Suggestion,Opinion,NO,
Ugjs7aKNItZhNXgCoAEC.8NGO1k-qsar8b-QDaABG-v,iq0yOkj3d28,Ugjs7aKNItZhNXgCoAEC,"Wulan Parastianti coba anda liat video Dr Zakir Naik tentang bumi hamparan itu, ada dijelaskan",Suggestion,Suggestion,NO,
UgwUaeCB84joaCWmOaV4AaABAg,QK01ROEqJ1A,TOP_LEVEL,"Kebayang ga sihh..
Andai alam semesta ini cuman sebatas bulan doang??
Saat pesawat melewati batas tersebut maka kita akan terjerembab keluar dari alam semesta!!
Lah.. trus setelah keluar dr alam semesta ini kita berada di mana??
Ya di luar alam semesta..!
Kyk kita saat melewati batas wilayah kabupaten Blitar, maja kita bisa saja sudah berada di dalam wilayah kabupaten Malang,  Kediri, ato wilayah lain yg berbatasan dg kab. Blitar.
Setelah keluar dari wilayah alam semesta ini mungkin kita masuk ke wilayah alam semesta lain
???????",Suggestion,Question,NO,
UgyTRSf9xOJ8L211h654AaABAg.8xvjCS14p1Y9RzX_kNw_sX,uA3cMFjqfaM,UgyTRSf9xOJ8L211h654AaABAg,mungkin suka bakso dia,Suggestion,Opinion,NO,
UgyzkyfyytpYGdWeArt4AaABAg,FjFsx6iQE3Y,TOP_LEVEL,"Mungkin sebenarnya alien sudah tau keberadaan kita,cuma krna melihat org² pada main tiktok,jadi mereka nggak mau kesini ????",Suggestion,Opinion,NO,A1=Opinion; A2=Question. Adjudicated as Opinion based on the dominant communicative function.
UgzTIyY6sXkvmQF_P7J4AaABAg,QK01ROEqJ1A,TOP_LEVEL,Min. Kecepatan pesawat ruang angkasa berapa sih? Coba bandingkan keadaan fisik pilot pesawat tempur menahan kecepatan pesawat tempur. Apa iya ada manusia bisa menahan kecepatan pesawat ruang angkasa meski di dalam kabin pesawat?,Suggestion,Question,NO,
UgzvFsLEVhH6Q-5jDLJ4AaABAg,2EVv7dmTFik,TOP_LEVEL,Tolong jelaskan tentang wormhole donk,Suggestion,Question,NO,A1=Question; A2=Suggestion. Adjudicated as Question because the text contains a stronger cue for the primary function (Question).
UgxJhTmU78E2-xBJxYp4AaABAg.99vbh6alirf9A4bhtim7vh,21seK8tKSYI,UgxJhTmU78E2-xBJxYp4AaABAg,"@Slebew449 cek google dan buku berapa kecepatan dan diameter bumi , kalaupun bumi berputar pesawat mungkin tidak bisa mengejar jika terbang pasti akan tertinggal olrh rotasi bumi yg sangat cepat",Suggestion,Question,NO,A1=Opinion; A2=Question. Adjudicated as Question because the text contains a stronger cue for the primary function (Question).
Ugz251cHYahk7tnlOL14AaABAg.9ffsPNr079W9gewbLEHqa_,21seK8tKSYI,Ugz251cHYahk7tnlOL14AaABAg,"@tobiaspramono378 Cerita NASA terbang ke luar dari wilayah Bumi, Kendaraan BBM x apa coba?? Makan minum apa, orang gak makan beberapa lama bisa mati kan. Begitu adanya, Tuhan menempatkan Manusia hidup di Bumi dalam jangka waktu yang sudah ada ketentuan nya !!! Untuk ibadah menghamba kepada Tuhan Allooh, yang menciptakan kita, yang menciptakan seluruh 'alam.!!!",Suggestion,Suggestion,NO,A1=Disagreement; A2=Question. Adjudicated as Suggestion because the text contains a stronger cue for the primary function (Suggestion).
UgzHTub8Qq3dHD23Rup4AaABAg,QK01ROEqJ1A,TOP_LEVEL,"Simple nya gini aja, ini sering gue lakukan kalo gue mau tidur, coba deh kalian bayangin andaikan bisa terbang kalian meluncur lurus keluar bumi, ke luar galaxy, jangan belok lurus terus kalian bayangin dimana ujungnya? Gue kadang suka merinding bumi kita ini kalo di bandingkan dengan alam semesta bagaikan bakteri yg gak keliatan karna saking kecilnya, subhanaallah betapa dahsyatnya dan besarnya sang maha pencipta",Suggestion,Question,NO,A1=Opinion; A2=Question. Adjudicated as Question because the text contains a stronger cue for the primary function (Question).
UgyUI2ITP7ptgpqwNyZ4AaABAg,QK01ROEqJ1A,TOP_LEVEL,"Hidup manusia di bumi jadi terasa sangat singkat, perbandingannya bahkan mungkin tidak lebih dari sebuah iklan yang berdurasi 1 menit.  
??",Suggestion,Opinion,NO,A1=Opinion; A2=Question. Adjudicated as Opinion based on the dominant communicative function.
UgjTPagXW1Kw4ngCoAEC.8M0W8POuU808YAJQPg5LkZ,H_5TPzquRyo,UgjTPagXW1Kw4ngCoAEC,"gua dlu prnh punya pikiran gt, tp setelah gua baik2 liat globe :v ternyata bakal tenggelam. dan lu gak mungkin menggali terus karna inti bumi panas",Suggestion,Experience,NO,A1=Experience; A2=Opinion. Adjudicated as Experience based on the dominant communicative function.
UgzI2s4i8qsbu5npURV4AaABAg.9SRbkbghNdZ9SdMEt5iAQm,21seK8tKSYI,UgzI2s4i8qsbu5npURV4AaABAg,"@yulianurisnaini39 saran saya coba anda mempelajari al Quran bukak dari sudut pandang, karena org cerdas selalu belajar dari banyak sudut pandang",Suggestion,Suggestion,NO,
UgyuwcJVNI3Q8RLScTp4AaABAg.9aqBqIVkMPn9ib2nzZ6eyJ,21seK8tKSYI,UgyuwcJVNI3Q8RLScTp4AaABAg,"@Yaruki Kawashima nah itulah bedanya pola pikir kritis dan dangkal?
IT itu banyak adik.
di bidang progammer. front and back and atau full stack.
di bidang animasi
2D 3D 4D.
sedangkan nasa pakai teknik CGI. cari noh di yutub banyak. kalau emang dasar dungu ya dungu aja.
dijelaskan sampai kiamat ya gak bakal sampai otak dungu mu .

nah tinggal otak dungu elo aja kritis yang mana?
mungkin elo gak bisa kritis karna waktu sekolah hanya pacaran yang di fokuskan wkwkwkw",Suggestion,Disagreement,NO,A1=Disagreement; A2=Question. Adjudicated as Disagreement based on the dominant communicative function.
Ugw-CFJQS15ezP-z2DF4AaABAg.9nIfB9kVMYP9oLrylP-eL3,Tx87wEaDtxo,Ugw-CFJQS15ezP-z2DF4AaABAg,Itu fotonya astaga. Kalau konsep itu karena meneliti pergerakan bintang disekitar blackhole tersebut. Coba tonton dokumenter bintang so2/s2,Suggestion,Suggestion,NO,A1=Correction; A2=Suggestion. Adjudicated as Suggestion because the text contains a stronger cue for the primary function (Suggestion).
UgzlTQNASQtTKDHrdAp4AaABAg,21seK8tKSYI,TOP_LEVEL,Kalau bumi datar coba jelasin gimana cara matahari tiap hari terbit dari timur,Suggestion,Question,NO,
UgyiXuexm44TEM_jNjJ4AaABAg.9C1Ki81qSI-9QfLIDD53Hy,JRJ1ngbUe6A,UgyiXuexm44TEM_jNjJ4AaABAg,"@brod458 kaum fe ada masalah idup apa sih ya bang., mungkin dompetnya juga datar kek otaknya yg seukuran atom",Suggestion,Disagreement,NO,A1=Disagreement; A2=Question. Adjudicated as Disagreement based on the dominant communicative function.
Ugyo6VauicD1Ml3eFyV4AaABAg,5Zi4qGpGop4,TOP_LEVEL,"Mungkin dari ibu wulan dan ibu umi,",Suggestion,Opinion,NO,
UgzbXElg9wY-6ZkPuSJ4AaABAg.9b89WGbrpl-9cpEk96Dz9z,QK01ROEqJ1A,UgzbXElg9wY-6ZkPuSJ4AaABAg,Mungkin Alien mungkin aj,Suggestion,Opinion,NO,
UgzyysoZDUu0BLytdD14AaABAg.8t7JvplSB989QzptTgcv7c,FjFsx6iQE3Y,UgzyysoZDUu0BLytdD14AaABAg,"@9ayabes375 coba tonton animasi seberapa luas alam semesta, mungkin membantu",Suggestion,Suggestion,NO,A1=Suggestion; A2=Question. Adjudicated as Suggestion because the text contains a stronger cue for the primary function (Suggestion).
UgiEXUZKoQeDkngCoAEC.8RY6vlXcZ-r8RY8sZ7joCN,YljSXjd4lnk,UgiEXUZKoQeDkngCoAEC,"alvin satria 
pesawat bisa terbang bukan karena punya sayap, sayap itu dibuat agar pesawat bisa terbang",Disagreement,Correction,NO,A1=Correction; A2=Opinion. Adjudicated as Correction based on the dominant communicative function.
UgyrLYbCpB8n71k91eJ4AaABAg.8xgWdVhjU288xg_dh12QL_,t5SaFgSaM_M,UgyrLYbCpB8n71k91eJ4AaABAg,"@mizardaahcmad 
iya si tapi kan kalo bisa diperjuangkan untuk bumi kita ini",Disagreement,Suggestion,NO,A1=Suggestion; A2=Opinion. Adjudicated as Suggestion based on the dominant communicative function.
UgwKbQQvaPlNdL1F4O94AaABAg.8xeohC9-Wlg8yN7KQaZVqt,21seK8tKSYI,UgwKbQQvaPlNdL1F4O94AaABAg,"@delly6866 lu liat permukaan, bukan liat buminya, ya bukan bukti lah",Disagreement,Disagreement,NO,A1=Disagreement; A2=Opinion. Adjudicated as Disagreement based on the dominant communicative function.
UgzPjatEpo_REnyg1Od4AaABAg.8e7ZjRnV16u8e7kjpaSUHD,21seK8tKSYI,UgzPjatEpo_REnyg1Od4AaABAg,"Ngamok min, tapi tak apa bagus untuk kaum bumi datar",Disagreement,Praise,NO,A1=Disagreement; A2=Question. Adjudicated as Praise because the text contains a stronger cue for the primary function (Praise).
UgxLaQUQ4o00hD8shyV4AaABAg.9R164TvSAAA9UHMEk3mg-K,T9ttUfGG7EE,UgxLaQUQ4o00hD8shyV4AaABAg,"@not5624 klw pejabat"" dan aparat itu disumpah bukan dijanji...dan bnyk dr mrka yg kristen",Disagreement,Correction,NO,A1=Correction; A2=Opinion. Adjudicated as Correction based on the dominant communicative function.
UggZCrtZhabKFXgCoAEC.8GI9yn-0VUD8cPG-Gp1r-H,H_5TPzquRyo,UggZCrtZhabKFXgCoAEC,"ali aji itulah sains, tidak ada dogma disana. Teori ilmiah bisa diubah oleh teori ilmiah lain yang lebih akurat, bukan dengan hipotesa atau sekedar klipingan cocokologi.",Disagreement,Opinion,NO,
Ugw_pzhHVuILdf_3xeR4AaABAg,21seK8tKSYI,TOP_LEVEL,"wawasannya masih kurang,
mesti belajar lagi,ga usah ngejar update video baru tapi penelitiannya cuma sepihak 
ujung""nya cuma untuk menyenangkan segelintir orang dan ga objektif.

lagipula jaman now orang tau kalo bumi ga bulat sempurna seperti bakso :v
terus bumi bulat sempurna yang dulu"" rumus"" dan tektekbengeknya yang lain pada dibuang kemana ????

lagian banyak rumus"" yang berdasarkan bumi bulat itu ngaco,
dan saya salah satu orang yang percaya bumi itu flat....",Disagreement,Experience,NO,A1=Disagreement; A2=Question. Adjudicated as Experience because the text contains a stronger cue for the primary function (Experience).
Ugw-ngmTQgVFFii6_aJ4AaABAg,FMNRItiR6ZA,TOP_LEVEL,"Bang stau sy y pluto itu ridak di anggap planet karena orbitnya bersenggung dengan neptunus padahal sistemnya satu planet 1 orbit tetapi pluto orbitnya satu orbit amaneptunus makanya kgk di anggap planet.tetapi keberadaanya tetap ada di orbit neptunus,tapi tk di anggap lgi",Disagreement,Correction,NO,A1=Correction; A2=Suggestion. Adjudicated as Correction based on the dominant communicative function.
Ugx_AbFqSU1eF0jAl0Z4AaABAg,21seK8tKSYI,TOP_LEVEL,Bumi itu bulat bukan bakso! ????,Disagreement,Correction,NO,A1=Correction; A2=Question. Adjudicated as Correction based on the dominant communicative function.
UgzTmXgtKsH8y8wdXVJ4AaABAg.92HAXsq2Ey892KO73XYzQK,QK01ROEqJ1A,UgzTmXgtKsH8y8wdXVJ4AaABAg,"Dengan pengetahuan sains fisika, astronomi yang ada kita sekarang, kita bisa mengukur seberapa besar alam semesta kita. Kita memang belum tahu diluar sana apa isinya tapi kita bisa mengukurnya dengan keterbatasan sains kita.",Disagreement,Opinion,NO,A1=Opinion; A2=Question. Adjudicated as Opinion based on the dominant communicative function.
Ugx7lvB6VFH0EbM0Bgp4AaABAg.8xgaf5fLMRu8xgcHAWARpB,t5SaFgSaM_M,Ugx7lvB6VFH0EbM0Bgp4AaABAg,"Quick answer
Kalau gak salah kamera dari Lunar",Disagreement,Opinion,NO,A1=Opinion; A2=Disagreement. Adjudicated as Opinion based on the dominant communicative function.
UgxB1ByDSbAOk8aQYxp4AaABAg.9Ze5Z78eXg_9hJdj33O5du,H_5TPzquRyo,UgxB1ByDSbAOk8aQYxp4AaABAg,@dydot nah... anda baru saja menyetujui bahwa teori bukan strata tertinggi dalam sains..??,Disagreement,Disagreement,NO,A1=Disagreement; A2=Question. Adjudicated as Disagreement based on the dominant communicative function.
UgzD8HRHbsxqMtYDSvJ4AaABAg.9Hq4hcBLfHj9JBq_yahF9g,21seK8tKSYI,UgzD8HRHbsxqMtYDSvJ4AaABAg,"apa gunanya ilmuwan yang menekuni bidangnya masing-masing. jangan lupa akal juga dipakai untuk mencari tau dan membuktikan secara ilmiah.

islam itu bukan dongeng, tapi juga ilmiah...dan itu salah satu tugas manusia untuk mencari tau dengan jalur yang masih lurus tidak sesat lagi menyesatkan.",Disagreement,Correction,NO,A1=Opinion; A2=Question. Adjudicated as Correction because the text contains a stronger cue for the primary function (Correction).
UgjbCv_bIGRAFHgCoAEC,NVDIHTGVcLc,TOP_LEVEL,itu lift bapak.. ??bukan elevator,Disagreement,Correction,NO,A1=Correction; A2=Question. Adjudicated as Correction based on the dominant communicative function.
UgwfKphZNMJaVwrK9kt4AaABAg.A1VCzeWZ7NwA1dXAujnZhV,21seK8tKSYI,UgwfKphZNMJaVwrK9kt4AaABAg,Bukan datar,Disagreement,Disagreement,NO,A1=Disagreement; A2=Opinion. Adjudicated as Disagreement based on the dominant communicative function.
Ugy_EbIAnBpkGLzwefZ4AaABAg,impJiSfof9E,TOP_LEVEL,"Kirain foto mata kucing :(
Tapi ini bener2 hebat, masyaAllah",Disagreement,Praise,NO,
UgwKmHpZ2eJosEsuAFl4AaABAg.9PuDPtoy9Y89PuIdhgEojF,21seK8tKSYI,UgwKmHpZ2eJosEsuAFl4AaABAg,"@darmawansyahputra8838 Massa jenis itu cuma menentukan besar gravitasi yg diterima, tapi nggak menggerakkan sebuah benda. Lagipula kalau memang itu pure karna massa jenis seharusnya setiap benda akan jatuh dengan kecepatan konstan.",Disagreement,Correction,NO,A1=Correction; A2=Suggestion. Adjudicated as Correction because the text contains a stronger cue for the primary function (Correction).
UgxawbnD5ZbnMRqCSIF4AaABAg,t5SaFgSaM_M,TOP_LEVEL,"boneka itu benda mati atau bukan sih soalnya banyak penampakan soal boneka,tolong dijawab y",Disagreement,Question,NO,A1=Question; A2=Suggestion. Adjudicated as Question based on the dominant communicative function.
Ugg6ZYG8IJ79F3gCoAEC.8EcDsCzdlhb8EcM0TgXXOA,FMNRItiR6ZA,Ugg6ZYG8IJ79F3gCoAEC,"coba di google lagi deh, tahun 2006/2007 dihapus dari list planet di tata surya kita, google waktu itu ngerayain gara2 ada satelit NASA (diterbangin dari tahun 2006) yang udah berhasil terbang sampe pluto dan memfoto pluto lalu karena itu pluto jadi dwarf planet bukan planet biasa #bantujawab",Disagreement,Suggestion,NO,A1=Correction; A2=Suggestion. Adjudicated as Suggestion because the text contains a stronger cue for the primary function (Suggestion).
UgjxwxvyHPcB33gCoAEC.8Av4pLvPy8x8AxI342Hzor,6ceW7ugIKMs,UgjxwxvyHPcB33gCoAEC,"+Berwyn Rafaelino CH kalo yang saya baca, katanya sih emang nggak akan langsung buta.. Tapi, cahaya gerhana ini bisa 'membakar' retina yang menyebabkan cacat permanen, atau simplenya: Buta...",Disagreement,Correction,NO,A1=Correction; A2=Opinion. Adjudicated as Correction based on the dominant communicative function.
Ugy6JP7EAnI-sFnkPtp4AaABAg.8zWL431V7Y-8zawYnvlLzZ,QK01ROEqJ1A,Ugy6JP7EAnI-sFnkPtp4AaABAg,"@usintala bukan 8jam-an sih, mereka berangkat dri bumi kami tanggal 16 Juli 1969, dan mendarat di bulan kami 24 Juli 1969

 saya juga salah bilang, anda malah gk konfirmasi, misi nya 8 hari lebih tepatnya, bukan jam

gw sih bego, salah bilang, anda jadi bingung, hanya karna mata sya kemarin kelilipan




Anda bilang siaran langsung di seluruh dunia masih terlalu canggih pada saat itu?
-Tv aja udh dijual secara komersil pada tahun 1920an
(Di bumi kami, gk tau mungkin di bumi kalian belum)",Disagreement,Experience,NO,A1=Correction; A2=Question. Adjudicated as Experience because the text contains a stronger cue for the primary function (Experience).
Ugh7G_I1Sh5rf3gCoAEC.8PWRpCbaK-O8Pkrbt947g5,NVDIHTGVcLc,Ugh7G_I1Sh5rf3gCoAEC,krn yg dihisap mesin jet seharusnya kan udara yg mengandung oksigen tapi awan2 itu karbondioksida jadi mesin pesawat kaget,Disagreement,Correction,NO,A1=Correction; A2=Suggestion. Adjudicated as Correction because the text contains a stronger cue for the primary function (Correction).
UgyEHaeXByB1i2hOIlR4AaABAg.9Ohdrt-CbxT9aQb0NFhgtM,21seK8tKSYI,UgyEHaeXByB1i2hOIlR4AaABAg,"@EDOF-PUTRA matahari bukan pusat galaksi dan Matahari yang memutari galaksi. 
Matahari juga muter bro tapi lambat, 
Matahari itu tidak diam matahari seperti bumi muter muter.",Disagreement,Correction,NO,A1=Correction; A2=Opinion. Adjudicated as Correction based on the dominant communicative function.
Ugyvmnrb2yvGxP8MZdB4AaABAg.8zUx_pSCGiG8zVYm5YAgxK,QK01ROEqJ1A,Ugyvmnrb2yvGxP8MZdB4AaABAg,"@wanonly3161 video ini salah satunya bukti ilmuan membuktikan bumi itu bulat, dan masih banyak lagi video2 lainnya. Itu juga klo otak lu nyampe,cuk!",Disagreement,Agreement,NO,A1=Agreement; A2=Disagreement. Adjudicated as Agreement based on the dominant communicative function.
Ugy3CMCsymzmmz3aDdB4AaABAg.9PbwOJb5KHd9QVUTgANOwc,AxyPASIXz1k,Ugy3CMCsymzmmz3aDdB4AaABAg,"@war4race622 makenya mikroskop elektron, bukan mikroskop biasa",Disagreement,Correction,NO,A1=Correction; A2=Opinion. Adjudicated as Correction based on the dominant communicative function.
UgzNT1LuoH83NvsA9R94AaABAg,QK01ROEqJ1A,TOP_LEVEL,Tapi bumi kan datar,Disagreement,Disagreement,NO,A1=Disagreement; A2=Opinion. Adjudicated as Disagreement based on the dominant communicative function.
UgySOvzmt2mDHcz1bYF4AaABAg,QK01ROEqJ1A,TOP_LEVEL,Seperti peta map game cacing tapi gk ada batasnya tepi nya yaa anjirr :v,Disagreement,Opinion,NO,
Ugh2rcjKWL-2I3gCoAEC.8FkIl56oPsx8G0ZzVVI-YG,H_5TPzquRyo,Ugh2rcjKWL-2I3gCoAEC,"Adnan S Luthfi?? nyuruh orang mikir, tapi sendirinya ga mikir.. lucu ya :D?

Tolol -_-?",Disagreement,Disagreement,NO,A1=Disagreement; A2=Question. Adjudicated as Disagreement based on the dominant communicative function.
Ugj_dIvFJAZbDXgCoAEC.8TDi-5KCBlY8TDxPjVXOZl,iyJeozHhvJI,Ugj_dIvFJAZbDXgCoAEC,"1. Indonesia bukan lagi negara kepulauan karena Jawa, Sumatera dan Borneo menyatu. Papua dan Australia juga menyatu.
2. Harga es batu, es krim, es teh, dst. akan turun karena banyaknya es yang dihasilkan.",Disagreement,Opinion,NO,
Ugw_II8V3F3159dSrUx4AaABAg,0QCq6GPY8kQ,TOP_LEVEL,"1:41 bukan kapal tanker, itu kapal PSV atau ngak kapal ROV support offshore. Ngawur koe min",Disagreement,Correction,NO,A1=Correction; A2=Disagreement. Adjudicated as Correction based on the dominant communicative function.
UgzcVo_5lWz7QWdPqZp4AaABAg.9KTGaRE5hEi9L_utnJmTZ_,21seK8tKSYI,UgzcVo_5lWz7QWdPqZp4AaABAg,"@MerahPutih14 hayoo jangan ngada² Benda elestial yang elu bicarain itu bukan menjadi dasar terbentuknya siklus saros loh..

Salah satu penemuan orang Babilonia itu ialah serangkaian jenis gerhana matahari  total, sebagian, atau cincin dan gerhana bulan cenderung berulang setelah 18 tahun (surya) 11 1/3 hari (atau 10 hari jika terdapat 5 tahun kabisat). Daur ini dinamakan saros, kata yang berasal dari bahasa Babilonia, sharudaur yang setelah diuji secara matematis ternyata sangat presisi.

Ada tiga unsur utama yang diperhitungkan: kurun waktu peredaran bulan hingga kembali pada fase semula, bulan sinodis atau 29,9 hari. Kemudian kurun waktu 27,2 hari, yang disebut bulan nodis atau bulan drakonis, yaitu saat bulan kembali melampaui titik simpul yang sama dengan bidang ekliptika.

Unsur ketiga ialah bulan anomalistik, yang disebabkan jarak antara bulan dan bumi berubah-ubah, ditambah gerakan sumbu bulan, seperti gasing. Kurun waktu ini berlangsung selama 27,5 hari. Nah, kelipatan persekutuan terkecil ketiga kurun waktu tadi ialah 18 tahun 11 1/3 hari! Oleh astronom dan matematikawan Jerman F.W Bessel kemudian dirumuskan dalam seperangkat rumus.

Haduh pake ngada² lagi.. ????",Disagreement,Correction,NO,A1=Correction; A2=Question. Adjudicated as Correction based on the dominant communicative function.
Ugx_sMXciw8torGrwHh4AaABAg.8zNx9YFcCCC8zUfi7QpLH3,0QCq6GPY8kQ,Ugx_sMXciw8torGrwHh4AaABAg,"Cara kerja nya mirip dengan pompa ban, di mana ban yang sudah berisi udara padat tapi masih bisa di isi, ya menggunakan tenaga dorong agar air nya keluar.",Disagreement,Opinion,NO,
UgyjcBy1CwOH_NqeDFZ4AaABAg,QK01ROEqJ1A,TOP_LEVEL,"Jelas ada ujungnya dong. Tapi yang tau hanya yang menciptakannya.
Btw, mampir ke chanel saya",Disagreement,Opinion,NO,
Ugwb9GA0lxnofDFwup14AaABAg.8zSJ5kgN5uZ8zSen1Sxgrn,QK01ROEqJ1A,Ugwb9GA0lxnofDFwup14AaABAg,"Gw pling ga suka bawa bawa nama tuhan,  bolehlah berdoa tapi jangan rasis nanti banyak yg triggered :/",Disagreement,Disagreement,NO,A1=Disagreement; A2=Suggestion. Adjudicated as Disagreement based on the dominant communicative function.
Ugzn-aokzDDIH1B11xV4AaABAg.8zQJBiwSz5a8zaTUWPDJmF,QK01ROEqJ1A,Ugzn-aokzDDIH1B11xV4AaABAg,@Pupuzela bukan waktu yg menjadi lambat tapi tapi kita yg bergerak cepat,Disagreement,Correction,NO,A1=Correction; A2=Opinion. Adjudicated as Correction because the text contains a stronger cue for the primary function (Correction).
UgzoYEGlz83W6fi9irl4AaABAg,QK01ROEqJ1A,TOP_LEVEL,Bukan suatu hal yang mustahil kalau ada kehidupan lain seperti bumi di luar sana mungkin lebih maju dan lebih canggih dari peradaban sekarang ?? hanya saja kita yang yang belum menemukan nya ??,Disagreement,Disagreement,NO,A1=Opinion; A2=Question. Adjudicated as Disagreement because the text contains a stronger cue for the primary function (Disagreement).
UgzlfAPan7FLNrV4W4V4AaABAg,QK01ROEqJ1A,TOP_LEVEL,"Alam semesta yang ujungnya ga keliatan, ada yang ciptain
Gimana mau liat penciptanya
Percayalah tuhan itu tidak terlihat namun ada, dan yang terlihat berarti bukan tuhan",Disagreement,Question,NO,A1=Opinion; A2=Question. Adjudicated as Question because the text contains a stronger cue for the primary function (Question).
Ugz77wD7JOMizDQbp754AaABAg.8zYVkwxewWM9Wev1faZZZT,QK01ROEqJ1A,Ugz77wD7JOMizDQbp754AaABAg,"@arbinakson7113 Hmmm... Nampaknya anda sangat sangat sangat persis sis sis sis... dengan orang islam lain. 
""Saya ga mau bahas konsep Ketuhanan Yesus, karena anda jelaskan pun, MEMBINGUNGKAN""

Saya yakin, sebenarnya bukan membingungkan, tapi anda aja yang ga mau kalau serangan islam berhasil terjawab.",Disagreement,Correction,NO,A1=Disagreement; A2=Correction. Adjudicated as Correction because the text contains a stronger cue for the primary function (Correction).
UgxCbSyJ4iNHXXfIqTl4AaABAg.8jSEtxC1fc08jSMLHyUmaK,qis44fqpuAU,UgxCbSyJ4iNHXXfIqTl4AaABAg,"yang arti nya bukan melawan secara langsung terhadap tuhan .. akan tetapi melawan ciptaan nya tuhan sendiri ?? 
sedikit tambahan .. kalau kurang ngerti yang saya ucapkan sebelum nya ????????",Disagreement,Opinion,NO,A1=Opinion; A2=Question. Adjudicated as Opinion based on the dominant communicative function.
UgzQcZNKh4NWj1NIfVd4AaABAg,qis44fqpuAU,TOP_LEVEL,masa depan lah. gua pengen liat isteri bukan mantan,Disagreement,Opinion,NO,
UggSxAXnwFBFyHgCoAEC.8VUQszYUIty8VUlQ2D4QcL,2EVv7dmTFik,UggSxAXnwFBFyHgCoAEC,"Kalo ke perekonomiannya kayanya gk ada apa"" deh asal diawasi dan disosialisasikan.. Ngilangin 3 digit bukan brarti mengurangi nilai mata uang nya :).. 1$ = Rp13.300 (setara semangkuk bakso)
Setelah redenominasi 1$ = Rp 13,3 (masih setara semangkuk bakso) :P 

Buat yg bingung 0,3 nya gimana.. Paling jdi satuan Sen atau Perak 0,3= 3 perak / 3 sen jdi 13,3 = 13 rupiah 3 sen :))",Disagreement,Question,NO,A1=Opinion; A2=Question. Adjudicated as Question because the text contains a stronger cue for the primary function (Question).
UgxZ8fsTNMb0F6ml9PN4AaABAg,QK01ROEqJ1A,TOP_LEVEL,Planet namex planet bezita salah satunya,Disagreement,Opinion,NO,A1=Opinion; A2=Disagreement. Adjudicated as Opinion based on the dominant communicative function.
UgzVY3jr5w_VYxFfhUB4AaABAg,qis44fqpuAU,TOP_LEVEL,"Gw mau ke masa lalu sebelum ilmuwan, dgn teori terori yg udh gw tau dan nama rumus rumus fisika bakal ada nama gw nya dan gw akan menaklukan dunia. Tapi demi keselamatan umat manusia MUAHAHAHAHAHA??",Disagreement,Experience,NO,A1=Experience; A2=Question. Adjudicated as Experience based on the dominant communicative function.
UgwJHJR59AvoY0yoLc14AaABAg.9Lu1fy9ME139Pb83wUT3ZQ,T9ttUfGG7EE,UgwJHJR59AvoY0yoLc14AaABAg,"Mereka pakai lunar module untuk docking dengan command module yg sedang mengorbit lalu baru balik ke Bumi. Tapi sampai2 di Bumi yg tersisa cuma kapsul berparasut doang, karena memang waktu itu masih zamannya roket sekali pakai.",Disagreement,Correction,NO,A1=Correction; A2=Experience. Adjudicated as Correction based on the dominant communicative function.
Ugx719pBq3-iq47igfN4AaABAg.8fDWbLd6R6O9Ra_-r7ihkD,H_5TPzquRyo,Ugx719pBq3-iq47igfN4AaABAg,Namanya saja udah teori evolusi bukan fakta evolusi.jadi pelajari bahasa Indonesia dgn baik agar anda dapat mengerti ttg sains.,Disagreement,Disagreement,NO,A1=Disagreement; A2=Opinion. Adjudicated as Disagreement based on the dominant communicative function.
UgyPFjO3I7GjZB_KlgN4AaABAg.8jg8fXxtyFw9-n23_W5N42,qis44fqpuAU,UgyPFjO3I7GjZB_KlgN4AaABAg,Klu begitu kamu tidak bakal Bisa kerja di situ... Seandainya kamu ke masa depan lalu kamu lihat diri mu Menjadi Bozz besar Dan orang Terkaya Di dunia kamu akan terbayang bayang akan hal itu soalnya yang kamu lihat itu HASIL bukan LANGKAH LANGKAHNYA Dan Saatnya tiba Ternyata Kamu Tidak jadi bozz besar Dan kamu akan Kecewa Dan sangat menyesal karena Kamu ke masa depan JIka saja kamu Tidak pergi ke masa depan kamu lah bozz dan orang terkaya tersebut,Disagreement,Opinion,NO,
Ugxr1_dMVwT246OFm4l4AaABAg.8kxeageUw4V8pexZ68n0Ja,YxgOhIQJX3Q,Ugxr1_dMVwT246OFm4l4AaABAg,"Mungkin dulunya Admin beli bakso tapi gk bisa bayar, jadi dia Promosiin bakso buat nebus Utangnya :V",Disagreement,Opinion,NO,
Ugj18VZSUnKPYXgCoAEC.8OvxtXFkvs48SuTgmnSVEa,JRJ1ngbUe6A,Ugj18VZSUnKPYXgCoAEC,fadhlan prabancana klo benda jatuh karena gravitasi knpa hrs pakai berat jenis? benda bergerak jatuh karena berat jenis bukan gravitasi.. ni no sy.. WA aja diskusix.. 085250027900,Disagreement,Disagreement,NO,A1=Disagreement; A2=Question. Adjudicated as Disagreement based on the dominant communicative function.
UgwIqnsWjz8nXN6KDot4AaABAg,t5SaFgSaM_M,TOP_LEVEL,Salah satu langkah kecil yang bisa dilakukan adalah mengurangi penggunaan plastik dan buang sampah pada tempatnya. Kedua hal tersebut tidaklah sulit dilakukan kalo memang peduli lingkungan.,Disagreement,Suggestion,NO,A1=Suggestion; A2=Disagreement. Adjudicated as Suggestion based on the dominant communicative function.
Ugjex9hlBVtpFXgCoAEC,eXml_nlmPoE,TOP_LEVEL,"tapi sebenarnya bumi itu tidak bulat sepenuhnya, melainkan seperti telut burung unta menurut ajaran agama Islam.",Disagreement,Correction,NO,
Ugxuj38KM9Nq6M67ypd4AaABAg,jPyd0Xv5LfY,TOP_LEVEL,1:23 bukan harusnya belokin ke kiri min?,Disagreement,Correction,NO,A1=Correction; A2=Question. Adjudicated as Correction based on the dominant communicative function.
UgwC0QZqwIj1ZORews94AaABAg.9OEmKL3keSu9OUKxnhtAKJ,21seK8tKSYI,UgwC0QZqwIj1ZORews94AaABAg,"@humanfuturelife2363 iya ada income
Tapi ga educated malah berbahaya buat kemajuan bangsa",Disagreement,Disagreement,NO,A1=Disagreement; A2=Opinion. Adjudicated as Disagreement based on the dominant communicative function.
Ugzf9fcZV6t-uWo88id4AaABAg,21seK8tKSYI,TOP_LEVEL,"Bumi itu Datar kalian itu kurang cerdas








TAPI BOONG ...",Disagreement,Disagreement,NO,A1=Disagreement; A2=Opinion. Adjudicated as Disagreement based on the dominant communicative function.
Ugj18VZSUnKPYXgCoAEC.8OvxtXFkvs48bMY7elXFWZ,JRJ1ngbUe6A,Ugj18VZSUnKPYXgCoAEC,"Mang Enuk 
Tolong jgn bandingkan di bumi yg banyak udara dbandingkan di luar angkasa yg hampa udara.
Perhatikan juga arah roket yg tidak lurus ke atas tapi agak membelok. Itu juga membuat tarikan gravitasi semakin berkurang terhadap arah roket.

Supaya tidak asumsi dan tebak2an, 

Coba anda bikin ruang kedap udara. Dorong benda dgn kecepatan tertentu. Setelah beberapa waktu, hentikan dorongan.

Lalu lakukan juga d tempat biasa yg bukan hampa udara.

Alas atau datarannya nya harus sama jadi gaya gesek juga sama. Yg beda cuma hambatan udara aja.

Trus bandingin kecepatan benda tersebut setelah henti dorongan. Yg d dalam hampa udara dgn yg tidak di hampa uadara cepat mana? Brrapa kali lebih cepat.

Kata kunci: hambatan udara",Disagreement,Suggestion,NO,A1=Correction; A2=Question. Adjudicated as Suggestion because the text contains a stronger cue for the primary function (Suggestion).
UgyrgvkPshjlSQbhv-Z4AaABAg,21seK8tKSYI,TOP_LEVEL,Tapi Minecraft kotak kotak,Disagreement,Opinion,NO,
UgyoLBhYheV02ebo_TB4AaABAg.8bI0hY6gZY98dHPSwIcqDV,2EVv7dmTFik,UgyoLBhYheV02ebo_TB4AaABAg,HiDayat Muhamad Lagipula kan kalo gk salah ada teori warp bubble.,Disagreement,Opinion,NO,A1=Opinion; A2=Disagreement. Adjudicated as Opinion based on the dominant communicative function.
UgwlssGOSzKiGlCa7oZ4AaABAg,QK01ROEqJ1A,TOP_LEVEL,Mungkin ada kehidupan lain atau bumi lain seperti kita tapi gak sempurna seperti tempat tinggal kita sekarang dilain galaxy. Tapi perlu kita ketahui dan bersyukurnya kita pada sang maha pencipta. Kita ini bagian paling kecil tapi paling sempurna dan terhebat yang tuhan ciptakan.,Disagreement,Experience,NO,A1=Opinion; A2=Praise. Adjudicated as Experience because the text contains a stronger cue for the primary function (Experience).
UggCzI8xzqJ4XngCoAEC.8893NEFqc_m8zT6HUJfT7g,FjFsx6iQE3Y,UggCzI8xzqJ4XngCoAEC,"Alam semesta terlalu luas, karena agak ganjil aja kalo misalnya alam semesta seluas itu tapi cuman manusia satu satu nya kehidupan alami yg ada",Disagreement,Opinion,NO,
UgzNpufKWEsovmRyLQJ4AaABAg,QK01ROEqJ1A,TOP_LEVEL,"Bumi kita seperti sebutir debu di alam semesta ini dan manusia ibarat atom2 yang sudah terpecah belah lagi berapa bagian karena manusia itu sangat kecil, tapi terkadang manusia bertingkah sombong dan angkuh pada sesamanya, padahal manusia itu hanya pecahan atom yang hidup diatas tanah, makan dari hasil tanah, tapi sikapnya tinggi melebihi langit..
Maka dari itu, kita sebagai manusia yang beriman kepada Tuhan sang pencipta alam semesta, sudah kewajiban kita untuk terus perbaiki diri kita, perbaiki attitude kita, perbaiki ibadah kita, agar Tuhan dapat melihat kita yang kecil ini dgn kemuliaan dan mengakui kita bahwa kita adalah hambaNya",Disagreement,Question,NO,A1=Opinion; A2=Question. Adjudicated as Question because the text contains a stronger cue for the primary function (Question).
UgzWvCLrLEDfQZXaGO94AaABAg.8zWhbDbOJlw8zXcTPtTrKv,QK01ROEqJ1A,UgzWvCLrLEDfQZXaGO94AaABAg,"@abuaisyahalhumaira9881 bukan Dr nabi tp Dari Iblis yg melakukan penyelewengan ajaran Agama baru.. Krn Dr jaman Nabi Adam smpe Nabi Muhammad itu agama ny Islam mnyembah 1 Tuhan yaitu Allah SWT..

Dan masalah Tata Surya/Alam semesta sudah Ada dijelaskan dlm Al-Qur'an ilmu Sains aja skrg ngambil dr kutipan ayat Al-Qur'an Dan dibuktikan kbenarannya smpe professor jd mualaf krn Kebenaran Al-Qur'an 
Diatas langit Ada langit Ada langit diatas langit
Itu pembuktian bhwa Allah SWT Maha Besar dlm sgala Penciptaannya",Disagreement,Disagreement,NO,
UgzHp4udXI99poyxYrB4AaABAg,dghOCZmSEUQ,TOP_LEVEL,Makasih!,Praise,Praise,NO,
Ugwq5bfKYipvJsB4IzN4AaABAg,QK01ROEqJ1A,TOP_LEVEL,Video lu satu ini MASTERPIECE!!! KEREN BANGETT!!,Praise,Praise,NO,
Ugw11Uafl9zyTeXLNYd4AaABAg,JRJ1ngbUe6A,TOP_LEVEL,"Hebat ya satelit. Dengan sayap ndaplang ga patah ketika meluncur dengan kecepatan 28 rb km/jam..
Jet yg cuma 1500an aja sayapnya runcing nyaris jadi ga patah. 
Lah ini ngedaplang macam antena tv... 
Saya rasa admin sedang berkhayal...",Praise,Praise,NO,A1=Disagreement; A2=Praise. Adjudicated as Praise because the text contains a stronger cue for the primary function (Praise).
UgzQM9NYW_WuP_Y8Exh4AaABAg,JRJ1ngbUe6A,TOP_LEVEL,Infonya keren hanya saja musicnya bikin jadi kayak noise :v,Praise,Praise,NO,A1=Opinion; A2=Praise. Adjudicated as Praise because the text contains a stronger cue for the primary function (Praise).
UgxqStDNMLTOdxQHFSV4AaABAg,QK01ROEqJ1A,TOP_LEVEL,KEREN BANGETTTTT ?! ??,Praise,Praise,NO,A1=Praise; A2=Question. Adjudicated as Praise because the text contains a stronger cue for the primary function (Praise).
UgxCwaI63MeGj9K88eR4AaABAg,QK01ROEqJ1A,TOP_LEVEL,"Nah ini yg gw suka, bahas tentang galaxy",Praise,Praise,NO,A1=Praise; A2=Opinion. Adjudicated as Praise based on the dominant communicative function.
Ugxr1_dMVwT246OFm4l4AaABAg.8kxeageUw4V8zCnLCAvD08,YxgOhIQJX3Q,Ugxr1_dMVwT246OFm4l4AaABAg,Karna admin nya suka bakso kalu,Praise,Opinion,NO,
Ugz10svHQKjePE6Yu1l4AaABAg,QK01ROEqJ1A,TOP_LEVEL,"gila..endingnya bikin merinding, udah kek film2 holiwut!
yg suka animasi lucu mampir ke channel saya ????",Praise,Praise,NO,A1=Praise; A2=Question. Adjudicated as Praise based on the dominant communicative function.
UghZ0p41bGXzGXgCoAEC,iyJeozHhvJI,TOP_LEVEL,Bang Terlalu Suka Bakso Ya,Praise,Opinion,NO,
UgwFI2YGGvzWjOhG88x4AaABAg.8_DllOhkwQT9ZaERDVAis3,FjFsx6iQE3Y,UgwFI2YGGvzWjOhG88x4AaABAg,"Biasalah manusia yang ga suka tentang beginian apalagi anak skrng suka nya anime, tiktok :/",Praise,Disagreement,NO,
UgxhtNUHF4g_FZnoItN4AaABAg,AxyPASIXz1k,TOP_LEVEL,"Keren banget, GILA!!??. kualitas vidio nya melebihi acara tv, pembawaan, sountrack, animasi perfect banget dah, berasa nonton anime sci-fi gua",Praise,Praise,NO,A1=Praise; A2=Question. Adjudicated as Praise because the text contains a stronger cue for the primary function (Praise).
UgypvdGrIaPHZKCByVR4AaABAg.8dWxQugAiyz8dWznup4JsL,0QCq6GPY8kQ,UgypvdGrIaPHZKCByVR4AaABAg,Ku suka coli ama miper?,Praise,Opinion,NO,A1=Opinion; A2=Question. Adjudicated as Opinion based on the dominant communicative function.
UgybX6nuxCBpLd3cWTR4AaABAg,QK01ROEqJ1A,TOP_LEVEL,"terima kasih informasinya  yang sangat bermanfaat ,semoga selalu konten yang bermanfaat",Praise,Praise,NO,
UgyEHaeXByB1i2hOIlR4AaABAg.9Ohdrt-CbxT9cCUvfKsysD,21seK8tKSYI,UgyEHaeXByB1i2hOIlR4AaABAg,Gurunya lebih keren,Praise,Praise,NO,
UgzR3FabVUfBNIOJDTB4AaABAg.8yAa5NKycnu8yDhZ6KOTPQ,5Zi4qGpGop4,UgzR3FabVUfBNIOJDTB4AaABAg,"Karena prosesornya kurang kenceng, makanya saat mengatasi masalah yang agak berat suka ngehang. Otak kentang",Praise,Opinion,NO,A1=Opinion; A2=Suggestion. Adjudicated as Opinion based on the dominant communicative function.
UgiUxCfDSUUqhXgCoAEC,YljSXjd4lnk,TOP_LEVEL,kanapa orang yang bintitan disebut orang yg suka nginti emang ada kaitan nya ?,Praise,Question,NO,
UggwzdFegZwjbngCoAEC.8MmAkyDZwbD8Z4oMlzZDax,uA3cMFjqfaM,UggwzdFegZwjbngCoAEC,Enak buat planet sendiri bagus 20l7,Praise,Praise,NO,A1=Opinion; A2=Praise. Adjudicated as Praise because the text contains a stronger cue for the primary function (Praise).
UgxAzl1HFSdyuowOCPl4AaABAg,QK01ROEqJ1A,TOP_LEVEL,keren.. tp kalau dijelasin metodenya akan lbh bagus ni kontennya,Praise,Praise,NO,A1=Suggestion; A2=Praise. Adjudicated as Praise because the text contains a stronger cue for the primary function (Praise).
UgwQZBQjTwj-G3HelAp4AaABAg,0QCq6GPY8kQ,TOP_LEVEL,Bagus ya video,Praise,Praise,NO,
UgzQKHlgQw3ragckrSB4AaABAg,T9ttUfGG7EE,TOP_LEVEL,Suka gambarnya,Praise,Praise,NO,A1=Praise; A2=Opinion. Adjudicated as Praise based on the dominant communicative function.
Ugzwm55OZOP1buvGa0d4AaABAg.9LpzQGae_1b9LpzU2N1rDM,AxyPASIXz1k,Ugzwm55OZOP1buvGa0d4AaABAg,Wahh mantap,Praise,Praise,NO,
Ugz0c9JVIPjOuxYJtzl4AaABAg,AxyPASIXz1k,TOP_LEVEL,"animasi, penjelasan, soundtrack
smuanya keren bejir",Praise,Praise,NO,
Ugw01_SZ4-oUnPPM90x4AaABAg,QK01ROEqJ1A,TOP_LEVEL,Bagus banget video gini. Gw ikutan menghela nafas,Praise,Praise,NO,
Ugyo81JvHEEBNfCgXRh4AaABAg,QK01ROEqJ1A,TOP_LEVEL,"Suka sedih kalau denger kata"" Carl Sagan :,)",Praise,Opinion,NO,
Ugw2x7CdF36GYHSVhvJ4AaABAg.8izyzoJokdy9WtdynFcIS-,T9ttUfGG7EE,Ugw2x7CdF36GYHSVhvJ4AaABAg,@byronhenry6518 terima kasih banyak atas penjelasannya,Praise,Praise,NO,
UgjKhBmtPIBtu3gCoAEC,FjFsx6iQE3Y,TOP_LEVEL,"Gua kira channel2 berwawasan yang keren2 gini cuman dibuat orang luar (Kurzgesagt, vsauce, crashcourse, dll.) Ternyata orang Indo bisa konten pinter yang bagus juga!!! Sumpahh keep it up guyss gua Subscribe",Praise,Praise,NO,
UgwpBbFPSpEJVstmegx4AaABAg,t5SaFgSaM_M,TOP_LEVEL,Abang suka bakso ya,Praise,Opinion,NO,
UgxFa8ffh_RSlDqNBT14AaABAg,AxyPASIXz1k,TOP_LEVEL,Lebih suka pelajaran yg begini dripada yang disekolah,Praise,Opinion,NO,
UgzPjatEpo_REnyg1Od4AaABAg.8e7ZjRnV16u8oALMTYvdHi,21seK8tKSYI,UgzPjatEpo_REnyg1Od4AaABAg,"@lemonjuice1898 mr darwin tuh modern loh ... Bilang monyet nenek moyang manusia 

Sekarang tuh jaman modern yah ... Jaman nya punya follower jaman nya kreatif ... Bikin konten yang bagus yang mendidik yang keren 

Bukan jaman kolot yang lulus kuliah lulus sekolah jadi babu ... Jadi followers orang lain jadi orang yang ngga berguna wkwkwk",Praise,Praise,NO,A1=Disagreement; A2=Praise. Adjudicated as Praise because the text contains a stronger cue for the primary function (Praise).
UgwM7CyfQFNLVza9w5Z4AaABAg,FMNRItiR6ZA,TOP_LEVEL,Masya Allah.. Keren.. Sangat bermanfaat,Praise,Praise,NO,
UgxOYC5YXrWAPPeP6s14AaABAg,uA3cMFjqfaM,TOP_LEVEL,adminnya suka bakso :v,Praise,Opinion,NO,
Ugi7yEHCMw4vdXgCoAEC.8FaVEwsYO9I8FlNlA9_Gpb,NVDIHTGVcLc,Ugi7yEHCMw4vdXgCoAEC,Keong juga suka timun,Praise,Opinion,NO,
UgxjeMKpCICvdzfyNtR4AaABAg,QK01ROEqJ1A,TOP_LEVEL,INI TERKEREN BANGET ASLI daripada video lainnya yang sebelumnya gua anggap keren juga,Praise,Praise,NO,
UgwMXHucOzxNvnY4cPR4AaABAg.8xiIyADHRGp8xtJoszCcDr,t5SaFgSaM_M,UgwMXHucOzxNvnY4cPR4AaABAg,berarti avenger bodoh dong ngapain mati dengan keren?,Praise,Praise,NO,A1=Disagreement; A2=Question. Adjudicated as Praise because the text contains a stronger cue for the primary function (Praise).
Ugj3T17f8Kp0aHgCoAEC,NVDIHTGVcLc,TOP_LEVEL,Pasti ini ngikutin VSauce yg how high can we build? cman lebih singkat n padet + versi indo ya bagus lah.,Praise,Praise,NO,A1=Praise; A2=Question. Adjudicated as Praise because the text contains a stronger cue for the primary function (Praise).
UgzOldurlCHbq_OsRFB4AaABAg.8zZk_kxqHZe8zbDq9V7ics,QK01ROEqJ1A,UgzOldurlCHbq_OsRFB4AaABAg,@diaswm7820 trus klo lu guru gw harus bilang wow gitu?,Praise,Disagreement,NO,A1=Disagreement; A2=Question. Adjudicated as Disagreement based on the dominant communicative function.
UgyhlP73Mya8rPxTW8V4AaABAg,FMNRItiR6ZA,TOP_LEVEL,Terima kasih pluto,Praise,Praise,NO,
UgyYxiVIfs-EfeMADOV4AaABAg.8xgtUD0rN5m8xiMh2SQY2n,t5SaFgSaM_M,UgyYxiVIfs-EfeMADOV4AaABAg,"@maman1414 1 konten mereka gak gampang buatnya, butuh riset biar gak ambigu, slogan chanel ini juga bagus gw sering ngomong gitu",Praise,Praise,NO,
UgyKIlvSt_jiOOZDudl4AaABAg.8jTCcag-oDe8jTewSAyEnE,qis44fqpuAU,UgyKIlvSt_jiOOZDudl4AaABAg,Mantap Nek !!!!,Praise,Praise,NO,
Ugz3nuYnNjM2yiAZLs14AaABAg,QK01ROEqJ1A,TOP_LEVEL,Suka parah kalo channel ini bahas tenteng yg ada diluar bumi kita,Praise,Praise,NO,A1=Praise; A2=Opinion. Adjudicated as Praise based on the dominant communicative function.
UgxBuQOWaVviON3GhEZ4AaABAg,QK01ROEqJ1A,TOP_LEVEL,Pesan terakhirnya mantap ????,Praise,Praise,NO,A1=Praise; A2=Question. Adjudicated as Praise because the text contains a stronger cue for the primary function (Praise).
UgwC92Rp3yCngYvEjot4AaABAg,QK01ROEqJ1A,TOP_LEVEL,"Gw sampe mau nangis kebawa suasana,soalnya kek gak nyangka gitu,sungguh hebat ciptaanmu Ya Allah??",Praise,Praise,NO,A1=Praise; A2=Question. Adjudicated as Praise because the text contains a stronger cue for the primary function (Praise).
UgyO7v0Tq6iluPK4kUF4AaABAg,QK01ROEqJ1A,TOP_LEVEL,"Udah rewatch video ini paling berkesan waktu mbah ngajak diskusi tentang bintang dan pengen tau seberapa jauh bintang dan planet yang dilihat dengan mata telanjang. Makasih min, akhirnya mbah tau seberapa luas dunia melalui visual dari video ini",Praise,Praise,NO,A1=Experience; A2=Question. Adjudicated as Praise because the text contains a stronger cue for the primary function (Praise).
Ugxj58l1199bXHoJ8EF4AaABAg,QK01ROEqJ1A,TOP_LEVEL,Video nya gak bosen nin menarik cocok buat video pembelajaran di sekolah dan penjelasan nya cukup detail yang buat gampang di pahami dan di ingat pokok e nya mantap tenan lah cukk... semoga channel nya makin berkembang  :)))),Praise,Praise,NO,
Ugx0Kjw3WOwgqaXsHz94AaABAg,QK01ROEqJ1A,TOP_LEVEL,"Pusiing , makasih kak tmabah tambah wawasan ku",Praise,Praise,NO,
UgxAr0Gs44xe-paRvdV4AaABAg,QK01ROEqJ1A,TOP_LEVEL,Keren banget kekuasaan allah,Praise,Praise,NO,
UgyZgt-afVRohpP7qCp4AaABAg,FjFsx6iQE3Y,TOP_LEVEL,Bagus ni channel.. Mudah di pahami,Praise,Praise,NO,
UgzUlIJifOHnrq3_lrZ4AaABAg,QK01ROEqJ1A,TOP_LEVEL,"Nonton dari awal samapai akhir bingung sendiri msh g paham dg teori luas alam semesta, but ujungnya itu loh yg jadi inti yg bnr bnr sesungguhnya

Terima kasih atas ilmu nya",Praise,Praise,NO,
UgxnWq5iyRfEj5qgph14AaABAg.8t-XMkkmssy8uktwNQXp6n,YljSXjd4lnk,UgxnWq5iyRfEj5qgph14AaABAg,"Makasih infonya kak... Membantu banget, ??????",Praise,Praise,NO,A1=Praise; A2=Question. Adjudicated as Praise because the text contains a stronger cue for the primary function (Praise).
UgwkLkSU_4zBP350AlV4AaABAg.8zYP4iaylic8zZHb9zYT6S,impJiSfof9E,UgwkLkSU_4zBP350AlV4AaABAg,"Rasulullah memang hebat, kamu yg sampah. Ilmuwan sudah berusaha, situ ga ngapa2in berani bilang b aja",Praise,Praise,NO,A1=Disagreement; A2=Praise. Adjudicated as Praise because the text contains a stronger cue for the primary function (Praise).
UgxrRmKUTytJjzvhW4p4AaABAg.9DBVU7sDJNA9FDXaopjHdE,QK01ROEqJ1A,UgxrRmKUTytJjzvhW4p4AaABAg,Gua suka Mempelajari Ilmu angkasa dan ilmu sejarah,Praise,Experience,NO,A1=Experience; A2=Opinion. Adjudicated as Experience based on the dominant communicative function.
UgzvxuX6nfa7kbjM95B4AaABAg,iyJeozHhvJI,TOP_LEVEL,Bagus malah bakso,Praise,Praise,NO,
UgydzJpfs0ks2Mg7Qxh4AaABAg,QK01ROEqJ1A,TOP_LEVEL,seperti biasa terima kasih kog gk ada ??,Praise,Praise,NO,A1=Praise; A2=Question. Adjudicated as Praise because the text contains a stronger cue for the primary function (Praise).
UgwFI2YGGvzWjOhG88x4AaABAg.8_DllOhkwQT8jZfyt3MIyX,FjFsx6iQE3Y,UgwFI2YGGvzWjOhG88x4AaABAg,"org indo sukanya ketawa, ga suka mikir",Praise,Disagreement,NO,A1=Disagreement; A2=Opinion. Adjudicated as Disagreement based on the dominant communicative function.
UgzOldurlCHbq_OsRFB4AaABAg.8zZk_kxqHZe8zaVByAkc3W,QK01ROEqJ1A,UgzOldurlCHbq_OsRFB4AaABAg,"@apriandiwarikudoro8290 ok terima kasih
Infonya
Gua mau baca aahh",Praise,Praise,NO,A1=Opinion; A2=Praise. Adjudicated as Praise because the text contains a stronger cue for the primary function (Praise).
Ugx8Sp60EiQm-0sgjch4AaABAg.8opZz5K-lqa8opiSXnresb,5_9wU8yJZ8w,Ugx8Sp60EiQm-0sgjch4AaABAg,Mantap Jiwa contohnya lu ngeliat ortu lu menang haji lu bakal ngaceng bro?,Praise,Question,NO,
UgxqzO3ONjbTEy9eQ-h4AaABAg.9HrjNGzjSE39IAWbFS8rxT,21seK8tKSYI,UgxqzO3ONjbTEy9eQ-h4AaABAg,Mantap,Praise,Praise,NO,
Ugx58CBp7cSCPJjnCix4AaABAg,QK01ROEqJ1A,TOP_LEVEL,"kenapa gue baru tau channel ini, keren banget dah gue suka tentang ilmu2 ini. Langsung auto subscribe",Praise,Question,NO,A1=Praise; A2=Question. Adjudicated as Question because the text contains a stronger cue for the primary function (Question).
UgxNaiIttc4UJvn0kSh4AaABAg,impJiSfof9E,TOP_LEVEL,"Saya sebagai orang yang suka menacri fakta2 menarik tentang luar angkasa merasa terharu akhirnya bisa lihat juga black
hole asli",Praise,Experience,NO,A1=Experience; A2=Opinion. Adjudicated as Experience based on the dominant communicative function.
Ugz948oiS5IBsJ1LmsB4AaABAg.9SWBKTyBgZW9SmX1hdVR9k,T9ttUfGG7EE,Ugz948oiS5IBsJ1LmsB4AaABAg,Wow.. Lu punya logika bro? Setinggi apa logika lu?,Praise,Question,NO,
UgyKPQ2WZ5D91l1xhkx4AaABAg.9MH_uJZim3E9MIPNTrvo4V,rha05J96bOM,UgyKPQ2WZ5D91l1xhkx4AaABAg,"@lilikmuhadi7087 koreksi :
Gua = lubang",Correction,Correction,NO,A1=Correction; A2=Opinion. Adjudicated as Correction because the text contains a stronger cue for the primary function (Correction).
Ugjlgedf65ufEHgCoAEC.8Apu9PKYCuW8tSGQp58SAc,H_5TPzquRyo,Ugjlgedf65ufEHgCoAEC,"Karna, 1 tahun sebenarnya bukan 365 Hari namun 365.25 Hari. Kalender Kita hanya memioiki 365 Hari pertahun bukan 365.25 . Setelah 4 tahun, kalender Kita udh meleset Satu Hari. Untuk menutupinya Kita menambahkan Satu hari",Correction,Correction,NO,
UgxCbSyJ4iNHXXfIqTl4AaABAg.8jSEtxC1fc08naSogThhQk,qis44fqpuAU,UgxCbSyJ4iNHXXfIqTl4AaABAg,"Min, kata ilmuan mitokondria itu kan sebenarnya bukan bagian asli dari tubuh kita, itu hanya virus yg dulu menginfeksi nenek moyang kita. Berarti kita ini bukan manusia sepenuhnya dong ?",Correction,Question,NO,
Ugzw2JLC3j_F-DpaOJh4AaABAg.8dHEXqNOCN88dI8SAfhEdH,dghOCZmSEUQ,Ugzw2JLC3j_F-DpaOJh4AaABAg,"Abidin Boy Semakin banyak cahaya yg digunakan bumi (lampu2 gedung), semakin kalah jumlah bintang. Sebenarnya bintangnya sih masih ada",Correction,Correction,NO,
UgzJd6lt6mHlcvX3q5J4AaABAg,QK01ROEqJ1A,TOP_LEVEL,Teori saya..adalah:manusia hanya terputar dgn pikiran otak manusia dan sudut pandang terjauh manusia hingga tdk mengetahui batas alam semesta ini.dan menemukqn jalan buntu..padahal kita cuman terputar dialam ini hanya dalam lingkup ini saja..tetapi pikiran dan otak kita saja yg membawa cara berpikir menjadi sangat jauh..sebenarnya hanya ditempat saja..,Correction,Opinion,NO,A1=Opinion; A2=Correction. Adjudicated as Opinion based on the dominant communicative function.
UgzMtI--dATfn0CpfiB4AaABAg,YxgOhIQJX3Q,TOP_LEVEL,"Sebenarnya ada pesawat yang bisa keluar ke angkasa, sebenarnya ada di tahun 2020",Correction,Opinion,NO,A1=Opinion; A2=Correction. Adjudicated as Opinion based on the dominant communicative function.
Ugy41_xSOWE5jxQXZ2d4AaABAg.8eDiX5on4LJ8eI-FKb9Mp1,21seK8tKSYI,Ugy41_xSOWE5jxQXZ2d4AaABAg,Haha males aja bro gua jelasinnya.. apa sekolah tinggi2 hahah percuma di bodoni tok mas sekolah tinggi2 .. ntar juga situ tau mas yg sebenarnya.. ntar kalo udh nyadar hubungi ane ya mas,Correction,Experience,NO,A1=Disagreement; A2=Question. Adjudicated as Experience because the text contains a stronger cue for the primary function (Experience).
UgwKZnuMUQUyNYfEi814AaABAg.8j-69LuA7l08j7KoptKJvj,T9ttUfGG7EE,UgwKZnuMUQUyNYfEi814AaABAg,"Ponce DeLion aku gk bilang dia salah dan aku gk bilang aku benar. Aku bilang belajar agar tidak ""salah paham"". Lagian yg dia berikan hanya terjemahan ayat, apakah kita akan mengikuti apa yg tertulis pada ayat tsb? Pdhal sebenarnya dari terjemahan yg hanya terdiri beberapa kalimat itu memiliki arti yg luas. Paham maksud ane?",Correction,Question,NO,
Ugzt36QOM3QN-Qrs4h54AaABAg.9OhEWkhSxtr9OoHmEIH282,21seK8tKSYI,Ugzt36QOM3QN-Qrs4h54AaABAg,"Isaac Newton menemukan hukum gravitasi, yang mampu menjelaskan gerak benda langit yang diketahui saat itu. Dia juga menunjukkan bahwa hukum yang sama juga yang menyebabkan benda sehari-hari jatuh ke bawah.

Newton menulis bahwa dia belum dapat menemukan penyebab gravitasi & menolak untuk berspekulasi. Kaum Bumi datar menjadikan hal tersebut sebagai bukti Newton berbohong dan sebenarnya tak tahu gravitasi. Mereka salah. Hanya karena Newton tak tahu penyebab gravitasi, bukan berarti gravitasi salah.


Tahun 1687, Isaac Newton menulis buku  Philosophiæ Naturalis Principia Mathematica yang menjelaskan hukum gerak, hukum gravitasi universal, dan penurunan hukum gerak planet Kepler.

Pada edisi keduanya yang diterbitkan tahun 1713, Newton menambahkan esai General Scholium. Di sini Newton membuat pernyataan hypotheses non fingo yang terkenal. Dia mengatakan belum dapat menemukan penyebab dari sifat-sifat fenomena gravitasi yang diketahuinya, dan menolak untuk berspekulasi.

Singkatnya, Newton mengetahui bagaimana gravitasi bekerja sesuai dengan hukum gravitasi universalnya. Dia hanya tak mengetahui apa yang menyebabkannya. Hanya karena Newton tak tahu penyebabnya, bukan berarti hukum gravitasi universal Newton itu salah.

Dan gravitasi di jelaskan oleh sains modern bahwasanya Gravitasi muncul karena materi memiliki massa. Semakin besar massa suatu materi, maka semakin besar pula gravitasi materi tersebut. Fenomena gravitasi dapat dijelaskan secara sederhana seperti cekungan pada selembar selimut, yang terjadi diakibatkan benda benda yang ditaruh di atasnya.

Belajar lagi jangan ke canduan nonton FE101 ntar jadi bego ??",Correction,Question,NO,A1=Correction; A2=Question. Adjudicated as Question because the text contains a stronger cue for the primary function (Question).
UgxgcBwQ7mHl-E_OuvR4AaABAg.8jjqMTVBmyf8nf60CN6xJz,21seK8tKSYI,UgxgcBwQ7mHl-E_OuvR4AaABAg,Max's 69 sebenarnya jika Anda jenius Anda pasti bisa menjelaskan semua yang di Channel tersebut secara Logic,Correction,Opinion,NO,A1=Opinion; A2=Correction. Adjudicated as Opinion based on the dominant communicative function.
Ugxyo3l5uSxmlKs3gLh4AaABAg.9gWBREzwh4X9ijBfiaYWZM,21seK8tKSYI,Ugxyo3l5uSxmlKs3gLh4AaABAg,"@gudangnyabacan 
USGS : Ya, begitulah USGS milik USA untuk meneliti tentang BUMI dengan yang sebenarnya, USGS  Bukan untuk Kebohongan.!!! Hasil kerja USGS untuk kepentingan USA, Hasil Kerja USGS tidak diberitakan/tidak dipublikasikan.!!!",Correction,Disagreement,NO,
Ugw3fHqgP48iOkVpHSF4AaABAg,t5SaFgSaM_M,TOP_LEVEL,sebenarnya kita akan selalu ada di bumi dan tidak akan berpindah ke planet lain sebelum tuhan menghancurkan semuanya:),Correction,Opinion,NO,A1=Opinion; A2=Correction. Adjudicated as Opinion based on the dominant communicative function.
UgxLZR_vrS1F0ULGJ7R4AaABAg,YxgOhIQJX3Q,TOP_LEVEL,"Sebenarnya








Gpp",Correction,Opinion,NO,A1=Opinion; A2=Correction. Adjudicated as Opinion based on the dominant communicative function.
UgwIVCh4tvXpu8msBql4AaABAg.A2J-gxh8fI0A3F3ruR6vV8,QK01ROEqJ1A,UgwIVCh4tvXpu8msBql4AaABAg,Pengetahuan fiksi di bawa ke irl tuh agak dongo sebenarnya,Correction,Disagreement,NO,A1=Disagreement; A2=Correction. Adjudicated as Disagreement based on the dominant communicative function.
UggDovF9_3aUo3gCoAEC.8MR6vsK1j_B8OCP9TgoTZT,FjFsx6iQE3Y,UggDovF9_3aUo3gCoAEC,"Karuta Roromiya iya manusia sekarang sudah pintar, makanya jumlah manusia yang sadar akan konspirasi bumi datar sudah mulai bertambah meski masih perlahan. Justru kalau kita mau menyelidiki lebih dalam sebelum adanya teori bumi bulat, teori bumi datar sebenarnya sudah jauh duluan muncul. Bedanya teori ini tidak diajarkan di sekolah. Kamu juga pasti mempertanyakan apa tujuan elit untuk membohongi kita semua selama 500 tahun terakhir? Saya bisa kasih referensi presentasinya di channel youtube Flat Earth 101. Intip aja sedikit-sedikit, setelah itu balik lagi kepada pemikiran kamu mau terima atau tidak.",Correction,Experience,NO,A1=Disagreement; A2=Question. Adjudicated as Experience because the text contains a stronger cue for the primary function (Experience).
UgyCTIODT2jj2dcqM5J4AaABAg,0QCq6GPY8kQ,TOP_LEVEL,Koreksi bro.. itu yg tampilkan bukan kapal tanker,Correction,Correction,NO,A1=Correction; A2=Opinion. Adjudicated as Correction because the text contains a stronger cue for the primary function (Correction).
UghCQd4Id3Ez23gCoAEC,PEbhbW4rgy4,TOP_LEVEL,Min sebenarnya apa fungsi dari bulu/rambut yang akan tumbuh ketika kita sudah pubertas :x,Correction,Question,NO,
UgylH9mlTywACxmWnq54AaABAg,QK01ROEqJ1A,TOP_LEVEL,"Kita sebenarnya tinggal di sebuah bunga dan bunga tersebut dibawa oleh seekor gajah,kalo tempat kita gempa artinya gajah tersebut tersandung",Correction,Experience,NO,A1=Opinion; A2=Correction. Adjudicated as Experience because the text contains a stronger cue for the primary function (Experience).
UgzCFVcq5hn26kEJvfd4AaABAg.9RzJ7zO62FA9Vt_3olDRQG,QK01ROEqJ1A,UgzCFVcq5hn26kEJvfd4AaABAg,"@12soldiers88 jangan bilang lu malas membaca lagi ya fir, karena sudah gue jelaskan sedetail. Kalau lu malas baca maka lu rugi dan tetap akan jadi kafir tolol ????????, lu katakan *ini baru 1 bab yesaya belum perjanjian baru* ???? gue *ketawa sebenarnya kitab yesaya itu milik siapa fir, kalian para kafir Kristen hanyalah pencuri kitab orang Yahudi yakni tanakh di tulis dengan original teks yakni bahasa ibrani bukan bahasa terjemahan*

 _Mau lu punya seribu alkitab pun kalau itu hanyalh terjemahan lebih baik buang ke tong sampah. Karena itu tak berarti di dunia akademisi._",Correction,Question,NO,A1=Disagreement; A2=Question. Adjudicated as Question because the text contains a stronger cue for the primary function (Question).
UgzcVo_5lWz7QWdPqZp4AaABAg.9KTGaRE5hEi9LM6A0FEPx_,21seK8tKSYI,UgzcVo_5lWz7QWdPqZp4AaABAg,@MerahPutih14 Matahari bergerak lho sebenarnya di heliosentris,Correction,Correction,NO,
UghV0dX7DPDkWngCoAEC.8HkQxtPMV7i8Qj4oS86wr5,FjFsx6iQE3Y,UghV0dX7DPDkWngCoAEC,"ini pada ngomongin agama aja, agama ga ada yang dari tuhan agama itu buatan manusia, tuhan kita 1 bukan 5 terserah mau di sembah dengan cara bagaimana pun yang penting sembahnya cuma ke dia. sebenarnya kalo sains di sangkut pautkan dengan agama bisa nyambung bisa tidak, nah yang tidak bukan berarti agama itu ga benar inget ! ( gua ga ngajak berbacot ria jadi terserah situ mau terima kata kata gua / engga. hidup mu kau yang pilih jalannya sendiri ) #asekk #yogs #mantabsoul #anjay #wiseman #segalamacemyangkeren",Correction,Question,NO,A1=Opinion; A2=Question. Adjudicated as Question because the text contains a stronger cue for the primary function (Question).
UgyXRYGHo0Uo-hXr2xh4AaABAg,QK01ROEqJ1A,TOP_LEVEL,"Berarti sebenarnya masuk akal juga klo Space Colony jarak nya jauh dari bumi, dan Side 3 ternyata yang paling jauh. Btw gua penggemar Gundam UC, ada yang fans UC juga ga disini ?, Klo ada kenalan lah ??.",Correction,Question,NO,
UgwQCljH9BJPKqQXEBh4AaABAg.8qKJ-vVs5bX8qOrZNpBTLU,rloh5wZxFrU,UgwQCljH9BJPKqQXEBh4AaABAg,"@Alief Rachmat Pelupessy dimensi lain itu alam lain/universe lain. Sebenarnya ada tata surya lain yang deket, gak perlu jauh jauh ke  galaksi lain",Correction,Correction,NO,
Ugwnb0CV5dq8VqPqIq54AaABAg.8qKAJnASrGf8qKJ6-Na4tT,rloh5wZxFrU,Ugwnb0CV5dq8VqPqIq54AaABAg,"File yg dihapus sebenarnya tidak benar² terhapus/hilang, sistem operasi akan melupakan bahwa file tersebut ada di dalam penyimpanan. Jadi meskipun telah dihapus permanen, file tersebut ttp bisa dikembalikan lewat software tertentu",Correction,Correction,NO,
UgwBTof-xiHiAQluhqt4AaABAg,Tx87wEaDtxo,TOP_LEVEL,Apa  galaksi itu sebenarnya bang,Correction,Question,NO,
Ugynj-EuQreW0h3376V4AaABAg.9U7E3yJ7iyN9rPFC6E-yJp,eXml_nlmPoE,Ugynj-EuQreW0h3376V4AaABAg,"Sebenarnya bintang juga bulat, matahari juga termasuk bingang, gambar bintang bersudut itu hanya penggambaran pendaran cahaya bintang saja",Correction,Correction,NO,
UgwHC_oVwicrFrI1k6V4AaABAg.99FRQLbWO0i99is3l_mmpQ,QK01ROEqJ1A,UgwHC_oVwicrFrI1k6V4AaABAg,"@fakhrialfarisi375 tidak ada, sampai kamu masuk ke liang lahat baru kamu akan melihat kehidupan sebenarnya dan pada saat engkau bertemu dengan yang Empunya segalanya, waktunya sudah terlambat.",Correction,Opinion,NO,A1=Opinion; A2=Correction. Adjudicated as Opinion based on the dominant communicative function.
UgxZo5emb5dlygIWweV4AaABAg,iq0yOkj3d28,TOP_LEVEL,"Sebenarnya bumi itu bentuknya panjang seperti permen lolipop?????? dan jangan lupa di atasnya ada warna warni itu lah yang memantul hujan jadi warna warni pelangi, rasanya juga manis percaya lah??????",Correction,Opinion,NO,A1=Opinion; A2=Question. Adjudicated as Opinion based on the dominant communicative function.
UgyLYPg04QFhrAvh_w94AaABAg,QK01ROEqJ1A,TOP_LEVEL,"Koreksi min, misalnua  jarak bumi ke matahari itu 8 menit cahaya, itu artinya matahari yg kita lihat skrg adalah matahari 8 menit yg lalu, krna cahaya baru mencapai dan mengembalikan ke mata kita selama 8 menit",Correction,Correction,NO,
UgwDKNxUsi8GT8jD8d54AaABAg.8pugMeUriZj96FkgzpiR57,iq0yOkj3d28,UgwDKNxUsi8GT8jD8d54AaABAg,"Nggih, itu kalo kita masih terdoktrin bahwa matahari itu sangat besar dan jauh serta BUMI itu kecil ya akhirnya kesimpulane begitu. Justru sebenarnya malah sebaliknya bahwa matahari itu ""relatif kecil dan dekat"" dan BUMI Itu LUAS MENGHAMPAR. Dengan demikian peredaran matahari (dan bulan) setiap hari tidak bisa menjangkau seluruh wilayah di permukaan BUMI. Bagi wilayah yang terkena sinar matahari berarti sedang SIANG sedangkan yang tidak terjangkau sinar matahari berarti sedang MALAM.  Makanya antar wilayah2 tertentu akan ada perbedaan waktu sesuai dengan waktu beredarnya matahari di atas permukaan BUMI yang SANGAT LUAS MENGHAMPAR. Oce??",Correction,Experience,NO,A1=Disagreement; A2=Question. Adjudicated as Experience because the text contains a stronger cue for the primary function (Experience).
Ugj18VZSUnKPYXgCoAEC.8OvxtXFkvs48bQlmIpKYZ7,JRJ1ngbUe6A,Ugj18VZSUnKPYXgCoAEC,"Mitch Plays siap..makasih om..
Sebenarnya saya berharap yg menjawab adalah admin yg buat video ini..TPI om yg jawab..heheh wajar kalo jawabannya kemana2.. gk sesuai yg di tanyain..heheh piss",Correction,Question,NO,A1=Disagreement; A2=Praise. Adjudicated as Question because the text contains a stronger cue for the primary function (Question).
Ugz3KdxZkOsGXaeGB814AaABAg.A61vuPq24uEA81rgRHSNsh,QK01ROEqJ1A,Ugz3KdxZkOsGXaeGB814AaABAg,"@Geiss_Excel sebenarnya bukan itu.....utk memuji Kebesaran TUHAN Allah.....
Dan btp manusia itu sgh tdk berarti",Correction,Opinion,NO,A1=Opinion; A2=Correction. Adjudicated as Opinion based on the dominant communicative function.
UgxjFCSwzuduzB5xXcB4AaABAg.9PL4IIYSkSm9PL5KN7NPet,jPyd0Xv5LfY,UgxjFCSwzuduzB5xXcB4AaABAg,"Bumi berevolusi selama 365 ¼ hari. Jadi 1 tahun itu sebenarnya 365 hari lebih 6 jam. Kalo 6 jam nya diikutkan setiap tahun, otomatis jam ganti tahunnya gak bisa pas jam 12 malam terus dong. Jadinya selisih 6 jam itu dianggap gak ada dan dikumpulkan sampai 4 tahun (4×6=24 jam =1 hari). Terus setelah 4 tahun kan sudah kekumpul 1 hari, dan yang 1 harinya itu ditaruh di tanggal 29 Februari.",Correction,Correction,NO,
UgymuwlSu4iZd0jD5_d4AaABAg,QK01ROEqJ1A,TOP_LEVEL,"Sebenarnya kecepatan cahaya cuman 0,00001 detik bang",Correction,Correction,NO,
UgxoX0pJvbrUZ37Jw_Z4AaABAg.8ohvOth-7jB92npLzZ4q4k,21seK8tKSYI,UgxoX0pJvbrUZ37Jw_Z4AaABAg,@joeshinaga4217 ralat? .. Percaya teori bigbang itu Allah ttep campur tangan..,Correction,Agreement,NO,A1=Agreement; A2=Question. Adjudicated as Agreement based on the dominant communicative function.
UgxE-E44y1GnTpM1dQt4AaABAg.91x28kjUFF392PDlUZwOGJ,21seK8tKSYI,UgxE-E44y1GnTpM1dQt4AaABAg,@gerpulginting8960 dan juga apa yang saya katakan itu bukanlah asumsi sebenarnya?? Tetapi anda yang mengatakan kalau itu asumsi dan secara tidak langsung anda juga mengatakan kalau semua Theori Scientific itu juga berupa asumsi??,Correction,Disagreement,NO,A1=Disagreement; A2=Question. Adjudicated as Disagreement based on the dominant communicative function.
UgyS7mGTSRJlIpIvStp4AaABAg,T9ttUfGG7EE,TOP_LEVEL,"Tahukah Anda kalau Neil Armstrong sebenarnya adalah Alien :
Neil A = A lieN > Alien
Rm = Kemungkinan kode planet
Strong = Artinya ""Kuat""
Jadi, nama Neil Armstrong artinya Alien kuat dari planet Rm


Teori konspirasi++",Correction,Opinion,NO,A1=Opinion; A2=Correction. Adjudicated as Opinion based on the dominant communicative function.
UghrS_yIu8DJSngCoAEC.8Goz5piXq1h8GsLOG3ktAV,iq0yOkj3d28,UghrS_yIu8DJSngCoAEC,apa hakikat sebenarnya dari energi gelap dan zat gelap (astronomi) ?,Correction,Question,NO,
Ugh1I8niRCWHEHgCoAEC,FMNRItiR6ZA,TOP_LEVEL,Sebenarnya apa sih deepweb? Jelasin dong,Correction,Question,NO,
UgyKZdxn5iHBXa-78614AaABAg.9M19vHkmPtW9QcLeSdbn5p,AxyPASIXz1k,UgyKZdxn5iHBXa-78614AaABAg,"@barbenheimerr Sebenarnya gua ga mau debat, cuman karena banyak bocil sok sok paham jadinya masalahnya jadi panjang.",Correction,Disagreement,NO,
Ugw9zBTyJ5Dtmu6ymJ14AaABAg.8ukwqvW7AfM8zeAohWrfEH,FjFsx6iQE3Y,Ugw9zBTyJ5Dtmu6ymJ14AaABAg,@kenny7626 gpp.. utarakan aja apa yg sekiranya benar.. toh disini kita sama2 mencari kebenaran yg sebenarnya kita ga tau yg benar itu.. yg salah itu yg merasa paling benar karena ga ada yg benar-benar benar..,Correction,Correction,NO,A1=Agreement; A2=Question. Adjudicated as Correction because the text contains a stronger cue for the primary function (Correction).
Ugw9zBTyJ5Dtmu6ymJ14AaABAg.8ukwqvW7AfM8yZkLBetOKB,FjFsx6iQE3Y,Ugw9zBTyJ5Dtmu6ymJ14AaABAg,"@chanellsukasuka572 pantes indo gamaju, di koreksi aja ngeyel, ngerasa sok pinter",Correction,Correction,NO,A1=Disagreement; A2=Opinion. Adjudicated as Correction because the text contains a stronger cue for the primary function (Correction).
UgzeRcZ1Ts4YFev1WdJ4AaABAg.9sKB7sWb0R89tMT3KZRkHc,QK01ROEqJ1A,UgzeRcZ1Ts4YFev1WdJ4AaABAg,"sebenarnya ada yg salah di video ini,
gua cari² kecepatan cahaya itu 300rb km
tpi di video itu 1miliar km

dan sebenarnya peneliti jga salah,
mereka hanya melihat dan bukan memastikan memakai orang yang kesana,

jadi kesimpulan peneliti yg make rumus,
ya itu hanya 70% kebenaranya,

kita gatau di planet yg mirip bumi itu bener bsa di tinggali atau tdk,

pdhal manusia kan blm kesana tpi peneliti knpa bsa tau planet itu ada oksigen dan bsa tau detail lengkapnya hanya melihat saja?",Correction,Correction,NO,A1=Correction; A2=Question. Adjudicated as Correction based on the dominant communicative function.
UgxYURFGkyrQ96Z5jWl4AaABAg,AxyPASIXz1k,TOP_LEVEL,"Tuhan dan setan, roh manusia...benda terkecil atau terbesar...atau benda tak terlihat...atau benda cuma cerita doang yg sebenarnya gak ada",Correction,Opinion,NO,A1=Opinion; A2=Correction. Adjudicated as Opinion based on the dominant communicative function.
UgyxYRIFZZ0X8mAj-754AaABAg.8WtJTrN94Y98iFCRLwbCpB,zbSe0xE7tg0,UgyxYRIFZZ0X8mAj-754AaABAg,"Ilmu pengetahuan dan teknologi harus berkembang dari masa ke masa. 

So, jelajah semesta adalah cara untuk belajar dan memanfaatkan ciptaan Tuhan di dunia. Koloni di planet mars, atau planet diluar tatasurya menunjukkan luasnya dunia. 

Ketika ada perkembangan ilmu, kita akan paham apa yang dimaksud atau melakukan koreksi atas pemahaman kita.",Correction,Correction,NO,A1=Opinion; A2=Question. Adjudicated as Correction because the text contains a stronger cue for the primary function (Correction).
Ugyk7USmgfVubJydxEt4AaABAg.9L2szyFkUmu9LD0qz1hRGB,21seK8tKSYI,Ugyk7USmgfVubJydxEt4AaABAg,Bumi it cgi palsu kita sebenarnya tinggal di cangkang kura kura yang barusan jatuh kena tanah lalu kura nya mati sehingga banyak tanah tanah lalu kita bakteri bakteri hidup di cangkang kura kura ini berdasarkan teori nessie HD Judge reomit,Correction,Experience,NO,A1=Opinion; A2=Correction. Adjudicated as Experience because the text contains a stronger cue for the primary function (Experience).
UgxVZJNd693o7eh4iUF4AaABAg,qis44fqpuAU,TOP_LEVEL,"Kalau bisa saya ga milih keduanya, sisi negatif :*
masa lalu : soalnya kalau ke masa lalu, kita bisa merusak sejarah, karna bakal berdampak ke masa sekarang, *misalnya kita pergi ke masa purba, kita ga sengaja ngelakuin sesuatu(nulis atau jatuhin barang seperti handphone etc dari masa sekarang) pasti masa di sekarang bakal berdampak besar perubahannya.
Masa depan : itu juga hampir sama seperti ke masa lalu, namun sedikit berbeda kalau ke masa depan saya takutnya lebih parah, teknologi bakal maju dengan sangat pesat, karna dengan kemajuan teknologi masa depan tidak memungkinkan kita tidak bergantung dengan kemampuan diri kita, karna kita bakal bergantungan dengan mesin waktu dan teknologi yg sangat maju. 
Sisi positif :*
Masa lalu : kita bakal lebih maju dibidang apapun, kedokteran, teknologi, dan peradaban(mungkin lebih maju 1000 tahun dari masa sekarang) 
Masa depan : hampir sama seperti di atas(masa lalu) mungkin lebih lagi, dengan teknologi yg sangat maju kita bakal menginvasi planet bahkan mengelilingi alam semesta. Itu opini saya, jika ada salah mohon di koreksi, karna ini diskusi bersama. Terimakasih.",Correction,Correction,NO,A1=Opinion; A2=Praise. Adjudicated as Correction because the text contains a stronger cue for the primary function (Correction).
UghFTO6-V_Sry3gCoAEC,iq0yOkj3d28,TOP_LEVEL,apa hakikat sebenarnya dari energi gelap dan zat gelap (astronomi) ?,Correction,Question,NO,
UgzZz94O_uIAAdqqgYN4AaABAg,jPyd0Xv5LfY,TOP_LEVEL,Oleng ke kanan belokin ke kanan ya jatoh bang; gw yang oon apa salah narasi ya wkwkwkwk di menit ke 1:27,Correction,Correction,NO,A1=Correction; A2=Question. Adjudicated as Correction based on the dominant communicative function.
UgxgcBwQ7mHl-E_OuvR4AaABAg.8jjqMTVBmyf8nfZrNYQEOP,21seK8tKSYI,UgxgcBwQ7mHl-E_OuvR4AaABAg,"Max's 69 1.ralat,bukan 10m tapi 30 m.
2.yakin tuh segitu? Sebenarnya 30 m itu hanyalah ukuran saat nabi Adam di surga dan ketika di dunia masih tinggi tapi paling setinggi pemain pemain basket. Coba Anda perhatikan kisah nabi Adam lagi,di sana diceritakan bahwa anak anak nabi Adam itu disuruh untuk berteriak dan berkebun,anak dan orang tuanya pasti tinggi nya gak jauh beda dong,jika nabi Adam 30 m pasti anaknya lebih kecil tapi tidak sejauh itu,dengan ketinggian segitu mau makan apa?mau ternak apa?mau nanam apa? Dan jangan lupa nabi Adam dan hawa itu pakai daun dari bumi sebagai pakaian lho,daun apa yang bisa sebesar itu?
3.kera yang berevolusi bukanlah kera yang sering dilihat,jenis nya beda. Kera yang menjadi manusia itu sudah hampir mirip dengan manusia hanya saja sedikit bungkuk,lebih berbulu,dan mulutnya lebih Monyong.",Correction,Correction,NO,A1=Correction; A2=Question. Adjudicated as Correction because the text contains a stronger cue for the primary function (Correction).
Ugj_dY02XOfZUHgCoAEC.82Ou12ECAVL70MHR5rl7_B,eXml_nlmPoE,Ugj_dY02XOfZUHgCoAEC,"+David Satya +Vandalgia oke di koreksi lagi, makasih!",Correction,Correction,NO,A1=Agreement; A2=Praise. Adjudicated as Correction because the text contains a stronger cue for the primary function (Correction).
UgiItnMXNB9--3gCoAEC,YljSXjd4lnk,TOP_LEVEL,Sebenarnya Pesawat terbang lebih berat atau kapal pesiar??,Correction,Question,NO,
UgxC4s5W_6tmOElj0KZ4AaABAg,2EVv7dmTFik,TOP_LEVEL,"Koreksi, ktu 5730 F, bukan celcius",Correction,Correction,NO,A1=Correction; A2=Opinion. Adjudicated as Correction because the text contains a stronger cue for the primary function (Correction).
Ugy8j26LgdrnA0VCyBd4AaABAg,21seK8tKSYI,TOP_LEVEL,"Kak, Sebenarnya Apa Itu ""Bootes Void?""",Correction,Question,NO,
Ugyaov0R901SvDCJqaV4AaABAg,21seK8tKSYI,TOP_LEVEL,Bumi itu sebenarnya hanya mitos:v,Correction,Disagreement,NO,A1=Disagreement; A2=Correction. Adjudicated as Disagreement based on the dominant communicative function.
UgxbZrSuH7vIjpNDfxN4AaABAg,FjFsx6iQE3Y,TOP_LEVEL,"Sebenarnya ada kehidupan di luar bumi... yaitu bakteri, jamur, virus ya kan",Correction,Opinion,NO,A1=Opinion; A2=Correction. Adjudicated as Opinion based on the dominant communicative function.
Ugzwm55OZOP1buvGa0d4AaABAg.9LpzQGae_1b9Lqy_AyGc68,AxyPASIXz1k,Ugzwm55OZOP1buvGa0d4AaABAg,"@muhammadnaufalhanif6291 fisika bukan cuma mempelajari gravitasi doang, fisika itu mempelajari, banyak kayak Tentang alam semesta dan unsur unsurnya ya sebenarnya berkaitan juga dengan hukum gravitasi, yg penting jangan pantang menyerah",Correction,Opinion,NO,A1=Opinion; A2=Suggestion. Adjudicated as Opinion based on the dominant communicative function.
UgwR64YZDBNEb30xF-t4AaABAg.8qKDs7QzeXR9rXawvstVO0,rloh5wZxFrU,UgwR64YZDBNEb30xF-t4AaABAg,"Sebenarnya ada perantaranya, yaitu gelombang elektromagnetik (photon), cuman krn dlm definisi tersebut yg dimaksud dgn perantara adalah zat2 seperti gas, benda padat, atau air, ya jdnya emg ga ada perantaranya by definition",Correction,Correction,NO,
UgynMdWz1dgTI5h3Khl4AaABAg.9K_wbIV4w6A9L0QbQ6HsO6,impJiSfof9E,UgynMdWz1dgTI5h3Khl4AaABAg,@vizigimgaming2641 kalo di room tour kobi itu ada timnya kalo rti itu sebenarnya indie alias satu orang,Correction,Correction,NO,
UgweIPBA_H3R_dor3Id4AaABAg.8gcvKf-4GLP8j4sqAQooA8,21seK8tKSYI,UgweIPBA_H3R_dor3Id4AaABAg,"Raditya Hidayat dalam kita suci saya bumi ini di hamaprkan, (anda bisa memahami arti di hamaprkan yah), bukan di gelindingkan pak.
Lalu di katakan lagi, bumi ini di persiapkan seperti telur burung unta.
Nah di sini banyak yh sering salah paham.
Maksud nya bukan bentuk nya seperti burung unta.
Tp itu maksudnya adalah.
Bumi ini di persiap kan seperti saat induk burung unta ingin bertelur.
Di padang pasir sana saat burung unta akan bertelur. Induk nya akan mempersiap kan tempat ternyaman. Ter aman. Sehingga ketika anak burung unta itu lahir dia bisa melihat segala kebesaran tuhan nya.
Itu yg saya tau pak.
Koreksi kalau saya salah.
Jika anda punya pendapat berbeda.
Silah kan biar para pembaca yg menyikapinya..
Saya yakin para pembaca disini pintar semua..
Dan pasti mengerti maksud saya..
Mudah mudahan perdebatan ini tidak membakar api permusuhan.
Tetapi sebalik nya lebih membuat kita lebih faham akan kebesaran tuhan yg maha esa.
Terima kasih telah berpendapat.
Mohon maaf jika ada kata kata saya yg menyinggung anda..
Piiiiiissssssss......",Correction,Correction,NO,A1=Opinion; A2=Praise. Adjudicated as Correction because the text contains a stronger cue for the primary function (Correction).
Uggmqfs57c_j7ngCoAEC.8Fa_7XNIIrQ8FgoUjWf9L6,NVDIHTGVcLc,Uggmqfs57c_j7ngCoAEC,masuk akal juga alasannya,Opinion,Opinion,NO,A1=Opinion; A2=Agreement. Adjudicated as Opinion based on the dominant communicative function.
UgyWMeGb9w4UbYdoeoZ4AaABAg.8sAEa-x4N7X97BXQdEDbRs,T9ttUfGG7EE,UgyWMeGb9w4UbYdoeoZ4AaABAg,Dan satu masalah lagi yaitu soal biaya,Opinion,Opinion,NO,A1=Opinion; A2=Disagreement. Adjudicated as Opinion based on the dominant communicative function.
Ugxj2PZMgKF0Qi7ia1h4AaABAg.9HJMNQRWmDC9NymAhfcD5I,NVDIHTGVcLc,Ugxj2PZMgKF0Qi7ia1h4AaABAg,Like dong buat jejak.pn ngsub smua yg disebutin,Opinion,Suggestion,NO,A1=Suggestion; A2=Opinion. Adjudicated as Suggestion based on the dominant communicative function.
UgzigsS5SAH4RrGGp6Z4AaABAg.9MUIICJb7-M9QeTWNihIUb,21seK8tKSYI,UgzigsS5SAH4RrGGp6Z4AaABAg,@cybergameextreme4463 lu ngga tau bisnis mereka besar Indonesia beli satelit mahal 2 ternyata cmn boongan peluncurannya goblok emang lu,Opinion,Disagreement,NO,A1=Disagreement; A2=Opinion. Adjudicated as Disagreement based on the dominant communicative function.
UgydG6e9v77-ohDZhOx4AaABAg.8op_Wv6Yraw8oq1ffW-n9j,5_9wU8yJZ8w,UgydG6e9v77-ohDZhOx4AaABAg,asw gw gigit lidah jier apakah anda saudara roy kyoshi,Question,Question,NO,
UgyNMkFC_K7uNIcxW3x4AaABAg.999sxajAW5A9KNjh3PivLc,H_5TPzquRyo,UgyNMkFC_K7uNIcxW3x4AaABAg,"Kalo gak ada buktinya, malah gak bisa disebut teori. Jika teori evolusi itu salah gak akan ada satupun ilmuwan yang percaya",Disagreement,Disagreement,NO,
Ugws_Jd68vkI8n-UQcp4AaABAg.8izv1RDH9MP8j-suhMzSKh,T9ttUfGG7EE,Ugws_Jd68vkI8n-UQcp4AaABAg,dipsy quirly makin gak waras dia,Opinion,Disagreement,NO,A1=Disagreement; A2=Opinion. Adjudicated as Disagreement based on the dominant communicative function.
UgxuCXLRZSmvEQySgpd4AaABAg.9Lq0wy-MSI89Ls4dnZsD3R,AxyPASIXz1k,UgxuCXLRZSmvEQySgpd4AaABAg,"@user-tq6uw4qn1r  (Atharva Veda bab III.13.5;) Agnisomau bibhratiapa it tah, air terdiri atas Oksigen dan Hidrogen.

Sama Veda juga menyebutkan Tam it samanam vaninas ca virudhoantarvatis ca suvate ca vivaha, 

Versi Indonesia :
Tumbuh-tumbuhan menghasilkan udara vital yang disebut samana (Oksigen) secara teratur.",Agreement,Agreement,NO,A1=Agreement; A2=Question. Adjudicated as Agreement based on the dominant communicative function.
UgjqP42XFscvMHgCoAEC.8TDpaNaRfg48TEvkS1nKpf,iyJeozHhvJI,UgjqP42XFscvMHgCoAEC,Muhammad Iqbal Apakah burung tau kalo dia itu terbang?,Question,Question,NO,
Ugj9-semgRtQGXgCoAEC.8HCcts-VjaP8SsM7sIwdz-,H_5TPzquRyo,Ugj9-semgRtQGXgCoAEC,"yaampun bro kemana aja, jadi menurut ente tervisualisasi= dapat dibuktikan? apakabar jaman dulu einstein bisa buktiin keberadaan molekul? photoelektron?",Experience,Question,NO,
Ugw00LyZkNuA7CiuXpR4AaABAg.9Poxq7VXm9T9Q9rVgo60nX,QK01ROEqJ1A,Ugw00LyZkNuA7CiuXpR4AaABAg,@neonsteel gaming yakan kebanyakan orang kalo di youtube sering nyebut nama allah,Opinion,Opinion,NO,
UgjQM0GDJ7eSZHgCoAEC.8GozmU7z-Io8GpqDEGydbd,iq0yOkj3d28,UgjQM0GDJ7eSZHgCoAEC,+Saint Devotion bisa karen astronot yang di luar angkasa mencampai suhu -1892 sedangkan di planet tidak pernah lebih digin dari pada -500 hoax,Experience,Correction,NO,A1=Correction; A2=Disagreement. Adjudicated as Correction based on the dominant communicative function.
UgwqeknNE1yZZ92LhEl4AaABAg.8xgWbqvdNjA8xhglR_Jad1,t5SaFgSaM_M,UgwqeknNE1yZZ92LhEl4AaABAg,Kita untuk makan gimana,Opinion,Question,NO,
UgxdsP4jEEK-d5mTykx4AaABAg.8zX6qdkd0o98zX7j5Z5PtP,QK01ROEqJ1A,UgxdsP4jEEK-d5mTykx4AaABAg,Karena teknologi mereka yang canggih dan pintar,Opinion,Opinion,NO,
UgwNird6nYOZJsnWrbB4AaABAg.9wMZZNccQh29xA7cYnCVaA,QK01ROEqJ1A,UgwNird6nYOZJsnWrbB4AaABAg,Pake otaknya bang. Mending lu ikut gue jadi atheis.,Opinion,Suggestion,NO,A1=Disagreement; A2=Suggestion. Adjudicated as Suggestion because the text contains a stronger cue for the primary function (Suggestion).
UggkeBymVa54c3gCoAEC.8Mkzyz1F-xC8N1c_4oTdUE,uA3cMFjqfaM,UggkeBymVa54c3gCoAEC,"siapa yg tukang fitnah? situ y aja yg mau dibohongi, bukti di depan mata situ y aja yg males nyari tahu. sikap kritis memang susah diterapkan dalam diri, pngn yg gmpng2 aja. yg diajarin kan semua y udh bener.",Agreement,Question,NO,A1=Disagreement; A2=Question. Adjudicated as Question because the text contains a stronger cue for the primary function (Question).
Ugx5VS-O9w0yzdJgfHF4AaABAg.9MOyGJ_ayIW9Pb6iRCOo0_,T9ttUfGG7EE,Ugx5VS-O9w0yzdJgfHF4AaABAg,"Btw benderanya itu sbnrnya ga berkibar, cuma terlihat seperti berkibar karena efek inersia + bekas lipatan + tiang penyangganya berbentuk seperti huruf L terbalik",Opinion,Correction,NO,A1=Correction; A2=Opinion. Adjudicated as Correction based on the dominant communicative function.
UgyjtZskh1Tz4-utq0d4AaABAg.92s75Z-OIez94jx0YQIaX4,QK01ROEqJ1A,UgyjtZskh1Tz4-utq0d4AaABAg,"@jancoegh ahh diem lu sampah, gw tau maksud lu. Initinya lu cmn pngn buat onar aja. Dengan pemikiran lu begitu. Gw yakin lu gabakal tenang hidup. Tiap tidur atau sendirian lu pasti mikirin omongan yng sudah di omongin lalu di ulang"" di pikiran lu dan itu adalah pikiran negatif dan intinya gw yakin jiwa lu ga pernah tenang. Paling 1 atau 2 jaman. Sesudah itu risih lagi",Experience,Experience,NO,A1=Disagreement; A2=Experience. Adjudicated as Experience because the text contains a stronger cue for the primary function (Experience).
Ugg_vPL-ap6jZ3gCoAEC.8OvenkTq-Ft8OwbVMC3YRE,JRJ1ngbUe6A,Ugg_vPL-ap6jZ3gCoAEC,"***** temen sy anak IPS, sekarang jurusan geofisika. jago banget fisikanya",Opinion,Experience,NO,A1=Experience; A2=Opinion. Adjudicated as Experience based on the dominant communicative function.
UgwJG6jSY5-iRZqOWBt4AaABAg.9uPDKMTVhLR9uyKcrASu57,21seK8tKSYI,UgwJG6jSY5-iRZqOWBt4AaABAg,"@ricardsimbu pusing? Haha ??
Ngira bumi bentuknya datar tanpa dasar bukti ??",Question,Question,NO,
UgwUWQwuMskGtRFVIX14AaABAg.90PXHXcrlNl91GclIxZtFK,QK01ROEqJ1A,UgwUWQwuMskGtRFVIX14AaABAg,"Gw
Tapi gw masi klas2 smp
Tmn w smuanya pikirnnya kek bocil semua:)
Ga suka ttg sains fisika
Gw plg suka padahal apalagi ttg alam semesta yg penuh misteri??",Disagreement,Experience,NO,A1=Experience; A2=Question. Adjudicated as Experience based on the dominant communicative function.
Ugx719pBq3-iq47igfN4AaABAg.8fDWbLd6R6O9DsDlNmi4iO,H_5TPzquRyo,Ugx719pBq3-iq47igfN4AaABAg,Ga capek bang?,Question,Question,NO,
Ugwq7j0cLmZ2vbDBCtR4AaABAg.9YNdWfIsDfy9_zPe2X-g3F,QK01ROEqJ1A,Ugwq7j0cLmZ2vbDBCtR4AaABAg,"@vitorevo aduuhh, klo dongok jangan diumbar2 cooyy ????",Opinion,Disagreement,NO,A1=Disagreement; A2=Question. Adjudicated as Disagreement based on the dominant communicative function.
UggIxlfFpDXca3gCoAEC.8Mkpw-ZjVmX8MkuNCNDtJP,uA3cMFjqfaM,UggIxlfFpDXca3gCoAEC,lhencir cip korban apaan?,Question,Question,NO,
Ugym8ewQ8yKiBNSdfGl4AaABAg.99-LPhD2fIw99JBoZfenD2,iq0yOkj3d28,Ugym8ewQ8yKiBNSdfGl4AaABAg,dan perspektif ini dapat dilihat dengan eksperimen kapal kapal di laut,Opinion,Opinion,NO,
UgxV4bqemIPWwMyB-sJ4AaABAg.9MPyCs0R5dU9McOvS0KyqX,twXOQyxZWxY,UgxV4bqemIPWwMyB-sJ4AaABAg,@andreakbar7 tapi masuk kedalam alam bawah sadar itu tidak semudah itu karena pada dasarnya alam bawah sadar tidak dapat dikendalikan karena alam bawah sadar membentuk jati diri seseorang,Disagreement,Correction,NO,A1=Correction; A2=Opinion. Adjudicated as Correction based on the dominant communicative function.
UgzqsCdTHYLbQyX1mOR4AaABAg.8eCr9icTYn78ebFN7I-Sc4,21seK8tKSYI,UgzqsCdTHYLbQyX1mOR4AaABAg,Ma Cica oh ya kata fe jarak bumi kebulan itu deket trus knp kalian ga percaya kalo nasa bisa kebulan kan tinggal naik pesawat bisa :v,Opinion,Opinion,NO,
UgxbORqX2wV5ah_H8u14AaABAg.8zVc1PGvlHZ8zVlH0tAv0Q,t5SaFgSaM_M,UgxbORqX2wV5ah_H8u14AaABAg,"Menurut saya waktu roket ke bulan kan berlawan arus gravitasi kalo yg balik lagi ke bumi mungkin ujung roket nya di beri sebuah bahan yg dapat menahan panas kan biasanya ada warna yg beda di ujung roket.
Itu menurut saya",Experience,Opinion,NO,
UgyEHaeXByB1i2hOIlR4AaABAg.9Ohdrt-CbxT9YNP7MceDOQ,21seK8tKSYI,UgyEHaeXByB1i2hOIlR4AaABAg,Udah mbak orang bodoh gak usah di kasih tahu. Mereka itu bodoh semakin dikasih tahu semakin ngeyel. Karena mereka bodoh.,Opinion,Disagreement,NO,A1=Disagreement; A2=Opinion. Adjudicated as Disagreement based on the dominant communicative function.
Ugw9z0cZOrI4DDM_bF54AaABAg.9PKcTGdmpyi9PKcaDnTv7w,jPyd0Xv5LfY,Ugw9z0cZOrI4DDM_bF54AaABAg,Bro lu tau sejarah perang surabaya,Opinion,Question,NO,A1=Question; A2=Opinion. Adjudicated as Question based on the dominant communicative function.
UgybIXHZ4ySmD160oER4AaABAg.9RUhLjSAKcY9RX2hPBJxYR,21seK8tKSYI,UgybIXHZ4ySmD160oER4AaABAg,"@yonasohenry8590 coba anda lihat dan perhatikan kalau bulat mesti ada yg di bawah dan ada yg di atas,coba lihat lagi globe,kalau air di kutub utara sama rata dg air yg ada di kutub selatan,itu namanya datar",Agreement,Suggestion,NO,A1=Disagreement; A2=Suggestion. Adjudicated as Suggestion because the text contains a stronger cue for the primary function (Suggestion).
Ugyd7yFV61ziSB0dwgR4AaABAg.9ZYMGZMaxZu9ZzH85ZzitX,H_5TPzquRyo,Ugyd7yFV61ziSB0dwgR4AaABAg,"Hukum itu ada bukti perhitungan matematis nya.

Teori itu penjelasan ilmiahnya. Jadi secara kedudukan Teori ilmiah itu diatas hukum. Contohnya hukum newton gabisa ngejelasin darimana asalnya gravitasi. Asal gravitasi baru bisa di jelasin oleh relativitas Einstein",Opinion,Opinion,NO,
UggG_uPKdRCci3gCoAEC.8RY6JkZqg3T97LkgrsYUuC,YljSXjd4lnk,UggG_uPKdRCci3gCoAEC,Kalo mau tau jadi ikan aj,Opinion,Opinion,NO,
UgwvB8pG2YtEG8IiPXt4AaABAg.90YOgAEgn_s98UUe83A69-,21seK8tKSYI,UgwvB8pG2YtEG8IiPXt4AaABAg,"@samsuwarlis 
Pengertian radar yg saya tau : Transmitter radar  ""menembakkan"" gelombang radio ke sebuah arah, lalu bila gelombang tsb mengenai sebuah benda padat maka akan memantul dan diterima kembali oleh receiver radar tadi, lalu bisa diketahui berapa jarak benda padat tsb dari posisi radar. Karena antena radar tsb (bagian transmitter & receiver) diberi motor jadinya berputar. Maka dari itu jangkauan radar biasanya berbentuk lingkaran. Apabila gelombang radar tsb tidak mengenai sesuatu s/d jarak tertentu, maka disimpulkan tidak ada benda padat di sekitar radar.

Sinyal VSAT setahu saya tidak terdeteksi oleh radar karena sinyal / gelombang bukan merupakan benda padat.",Experience,Question,NO,A1=Correction; A2=Question. Adjudicated as Question because the text contains a stronger cue for the primary function (Question).
Ugw_VAnWdlJs4dUlaKt4AaABAg.8yfzZ5Px1549EVXVKL6X9o,5Zi4qGpGop4,Ugw_VAnWdlJs4dUlaKt4AaABAg,@josephucok1972 mana saya tau saya kan *ikan*,Opinion,Opinion,NO,
UgjPB6PhBXPgOXgCoAEC.8L-bAxSK64g8QjN50hKBxK,FjFsx6iQE3Y,UgjPB6PhBXPgOXgCoAEC,ini pertanyaan bagus buat tim kok bisa. kenapa ada orang percaya flat ears ?????? (bodoh sekali kau coeg),Question,Question,NO,
UgwW1qssu-uewy-3hn94AaABAg.8xaGen-wdnR8zd_DnIZj7H,2EVv7dmTFik,UgwW1qssu-uewy-3hn94AaABAg,Otak lu gk nyampe makanya gk jrlas,Opinion,Disagreement,NO,A1=Disagreement; A2=Suggestion. Adjudicated as Disagreement based on the dominant communicative function.
UggG_yNBXysuk3gCoAEC.8TDie_xpk0p8U-506G0qV9,iyJeozHhvJI,UggG_yNBXysuk3gCoAEC,"Ezekiel Jason Hadi amvun sensei saya gk tau bahasa jerman dan japan surimaseng :""v",Opinion,Opinion,NO,
Ugi2ufzU-RCSTngCoAEC.8OvfnrCD47O8OygM0zeVk_,JRJ1ngbUe6A,Ugi2ufzU-RCSTngCoAEC,"Bosscha Observatory ada di Indonesia bro, mending kesana aja,..",Opinion,Suggestion,NO,
UgzOldurlCHbq_OsRFB4AaABAg.8zZk_kxqHZe8z_CE1GcvPl,QK01ROEqJ1A,UgzOldurlCHbq_OsRFB4AaABAg,"@sandybtundan iya simple, teknologi Lama yg hasilnya ngga sesui zamannya, banyak ilmuan lain diluar nasa meragukan gambar2 itu, Karna terlalu krusial",Opinion,Disagreement,NO,A1=Disagreement; A2=Opinion. Adjudicated as Disagreement based on the dominant communicative function.
